iso_code	country	region	income_group	gdp_per_capita	total_population	pct_rural	under_5_mortality_per1000	most_recent_medical_doctor_per10000	most_recent_medical_doctor_year	most_recent_nurse_midwives_per10000	most_recent_nurse_midwives_year	most_recent_pharmacists_per10000	most_recent_pharmacists_year	most_recent_dentist_per10000	most_recent_dentist_year	most_recent_chw_per10000	most_recent_chw_year	most_recent_eh_professionals_per10000	most_recent_eh_professionals_year	most_recent_lab_scientists_per10000	most_recent_lab_scientists_year	most_recent_physiotherapists_per10000	most_recent_physiotherapists_year	most_recent_traditional_med_professionals_per10000	most_recent_traditional_med_professionals_year	ebola_prevalence_pct	chagas_disease_prevalence_pct	covid_19_prevalence_pct	schistosomiasis_prevalence_pct	yellow_fever_prevalence_pct	measles_prevalence_pct	pertussis_prevalence_pct	rabies_prevalence_pct	leishmaniasis_prevalence_pct	diarrheal_diseases_prevalence_pct	meningitis_prevalence_pct	hiv_aids_prevalence_pct	varicella_and_herpes_zoster_prevalence_pct	dengue_prevalence_pct	malaria_prevalence_pct	tuberculosis_prevalence_pct	tetanus_prevalence_pct	encephalitis_prevalence_pct	diphtheria_prevalence_pct
AFG	Afghanistan	South Asia	Low income	355.778	41128771	73.384	57.7	2.54	2020	4.52	2018	0.29	2018	0.71	2019	7.192288824	2018	NA	NA	NA	NA	NA	NA	NA	NA	0	0	0.028276065	0	0	0.000238122	0.000289096	5.537092e-10	0.032389234	0.004540761	0.000849295	0.000136172	0.000631316	1.2652226041e-06	0.006607936	0.156110026	9.7975603877e-06	0.000508103	5.062023921e-07
AGO	Angola	Sub-Saharan Africa	Lower middle income	3000.444	35588987	31.919	66.9	2.44	2022	12.65	2022	0.27	2022	0.048	2022	0.001404929	2022	0.003090844	2022	0.002528872	2022	0.198094989	2022	NA	NA	0	0	0.037240104	0.059229057	4.9424755347e-06	6.88910554257e-05	0.001242758	5.2952329e-09	3.5696037486e-06	0.017453478	0.002370047	0.014970825	0.000622351	0.000133342	0.178970675	0.289794325	3.420864206e-06	0.000214838	6.966201859e-07
ALB	Albania	Europe & Central Asia	Upper middle income	6810.114	2777689	36.201	9.4	18.83	2020	58.31	2020	10.86	2018	10.33	2018	NA	NA	NA	NA	7.275832536	2020	5.515376271	2020	NA	NA	0	0	0.046199	0	0	0	1.04948041e-07	3.53725e-11	6.87227032797e-05	0.00026333	0.000267005	1.10420886703e-05	0.000451545	0	0	0.170775737	7.2734093e-09	0.000221033	4.4404717e-09
AND	Andorra	Europe & Central Asia	High income	41992.773	79824	12.189	2.7	36.26	2015	43.65	2015	11.02	2015	8.93	2015	NA	NA	NA	NA	NA	NA	NA	NA	NA	NA	0	0.000214311	0.022963086	0	0	0	7.767888023e-07	3.67003e-11	0	0.003475433	6.91066963658e-05	0.000553214	0.000819196	0	0	0.077952417	2.7403025e-09	8.59530801441e-05	5.001183e-10
ARE	United Arab Emirates	Middle East & North Africa	High income	53707.98	9441129	12.457	5.3	29.12	2021	63.85	2021	13.33	2021	7.98	2021	NA	NA	NA	NA	NA	NA	NA	NA	NA	NA	0	0	0.019692133	0	0	1.5711567317e-06	2.02066552773e-05	2.5631711e-09	0	0.003055909	0.000265927	0.00031805	0.000509614	0	0	0.289388869	2.9146871928e-06	0.000138422	2.0471009e-09
ARG	Argentina	Latin America & Caribbean	Upper middle income	13650.605	46234830	7.653	9.4	40.82	2022	43.54	2022	4.88	2022	9.65	2022	NA	NA	0.216287158	1992	4.041325555	2022	7.371498933	2022	NA	NA	0	0.017613362	0.012029707	0	4.474797804e-07	0	1.58928411672e-05	6.1507e-12	0.000217315	0.002037026	0.000259681	0.003532159	0.000704295	0.000109213	0	0.18310046	6.29825974e-08	0.000125204	1.70955e-11
ARM	Armenia	Europe & Central Asia	Upper middle income	7018.052	2780469	36.427	10.3	31.17	2019	48.26	2019	0.26	2019	4.18	2019	NA	NA	NA	NA	NA	NA	0.316493369	2019	NA	NA	0	0	0.037041072	0	0	0	8.35319963166e-05	3.26925e-11	0.000610998	0.001038994	0.001265903	0.000489611	0.00048959	0	0	0.194221824	9.6774429e-09	0.000355809	6.8703e-11
ATG	Antigua and Barbuda	Latin America & Caribbean	High income	19919.727	93763	75.654	9.5	28.98	2017	95.77	2019	1.83	2007	0.45	2014	3.626163839	2019	2.23968943	2007	NA	NA	NA	NA	NA	NA	0	1.19657099616e-05	0.010409292	0.07285473	0	0	5.609020267e-07	1.85889e-09	0	0.005603498	0.000755418	0.002757689	0.000625429	3.05280233812e-05	0	0.188036765	3.630980292e-07	0.00029764	6.719856e-10
AUS	Australia	East Asia & Pacific	High income	65099.846	26005540	13.512	3.8	39.81	2021	137.1	2021	9.33	2021	6.21	2021	0.389147851	2006	NA	NA	NA	NA	11.34219862	2021	1.541979132	2020	0	6.91545325859e-05	0.000687339	0	0	2.6031335e-09	9.729060937e-07	1.020126e-10	0	0.000657275	6.86862804553e-05	0.000760066	0.000582518	4.4913872683e-05	0	0.105960115	2.17001918e-08	3.7254448043e-06	6.7839676e-09
AUT	Austria	Europe & Central Asia	High income	52084.681	9041851	40.744	3.2	55.08	2022	109.3	2021	7.73	2022	6.23	2022	NA	NA	NA	NA	NA	NA	16.36169408	2021	NA	NA	0	2.43293926968e-05	0.010945585	0	0	3.0907996e-09	6.6622949302e-06	3.90742e-11	4.263174989e-07	0.002818495	0.000202154	0.000925416	0.000881099	0	0	0.077753841	1.21396209e-08	0.000233669	1.326526e-10
AZE	Azerbaijan	Europe & Central Asia	Upper middle income	7762.074	10141756	42.83	18.1	30.93	2020	57.19	2020	1.95	2014	3.15	2020	NA	NA	NA	NA	NA	NA	0.282002446	2014	NA	NA	0	0	0.040051361	0	0	5.3397161e-09	1.77310878076e-05	5.7579009e-09	0.000313803	0.001907583	0.00070684	0.000247695	0.000448446	0	0	0.230513822	2.22083748e-08	0.000377081	2.6848371e-08
BDI	Burundi	Sub-Saharan Africa	Low income	259.025	12889576	85.583	50.5	0.65	2021	7.58	2021	0.079	2021	0.012	2018	9.189596306	2020	0.281622918	2017	0.83090398	2018	0.001551641	2004	NA	NA	0	0	0.007147386	0.019511777	8.4209597006e-06	7.19074492505e-05	0.000125446	1.183699907e-07	0	0.018169676	0.002727862	0.007091925	0.000613404	1.08633488227e-05	0.221500607	0.234462365	8.7640919084e-06	0.000401582	8.90987955e-08
BEL	Belgium	Europe & Central Asia	High income	49926.825	11685814	1.847	3.7	63.93	2022	208.9	2022	20.73	2022	11.61	2022	NA	NA	NA	NA	NA	NA	21.40886377	2021	NA	NA	0	1.04414371482e-05	0.015559188	0	0	3.91255638e-08	4.2659208862e-06	4.57123e-11	0	0.004738006	0.000187363	0.002241737	0.000929923	0	0	0.078060833	3.9742052e-09	6.16607947019e-05	3.371863e-10
BEN	Benin	Sub-Saharan Africa	Lower middle income	1302.851	13352864	50.466	80.8	1.95	2022	5.95	2022	0.29	2022	0.037	2022	0.015726963	2022	0.192468073	2022	0.500267209	2018	0.140044862	2022	7.63881067	2013	0	0	0.013517736	0.100717537	1.8225127269e-06	3.38399249054e-05	0.000348393	1.071554218e-07	0	0.015318962	0.004067513	0.00588302	0.000630993	0.000303756	0.294037947	0.170188624	6.1495600404e-06	0.000349197	2.27851004e-07
BFA	Burkina Faso	Sub-Saharan Africa	Low income	830.037	22673762	68.123	78.8	1.47	2022	10.26	2022	0.25	2022	0.017	2022	1.387065808	2022	0.789899797	2022	0.396493533	2021	0.009702845	2020	0.022051921	2021	0	0	0.029943742	0.011185262	2.8520623381e-06	7.17560712899e-05	0.000177802	1.277072372e-07	0.002528063	0.014120066	0.002489961	0.004146325	0.000649178	8.77796095438e-05	0.27915763	0.186324037	5.6397639582e-06	0.000345445	2.014364225e-07
BGD	Bangladesh	South Asia	Lower middle income	2688.306	171186372	60.289	28.8	6.7	2021	6.13	2021	1.01	2021	0.69	2021	8.687198535	2020	0.110464401	2005	0.81174686	2021	0.048076257	2012	0.282323876	2021	0	0	0.033663577	0	0	7.440541844e-07	6.69418861033e-05	5.3676322e-09	3.89323333e-07	0.008414773	0.000880177	8.35736842733e-05	0.00059433	0.000259156	0.001239961	0.084723495	1.22891770372e-05	0.001163595	1.38183343e-08
BGR	Bulgaria	Europe & Central Asia	Upper middle income	13974.449	6465097	23.637	6.1	48.96	2022	46.59	2021	8.97	2022	15.61	2022	NA	NA	NA	NA	NA	NA	2.603209202	2021	NA	NA	0	0	0.043191614	0	0	0	1.4590788669e-06	3.459337e-10	5.59675292957e-05	0.000172685	0.000263735	0.000349869	0.000474565	0	0	0.190272967	3.2998698e-09	0.000191122	4.630959e-10
BHR	Bahrain	Middle East & North Africa	High income	30146.925	1472233	10.257	6.5	8.42	2016	23.46	2016	1.63	2015	0.95	2016	NA	NA	0.346412558	2004	0.013584806	2014	0.50263783	2004	NA	NA	0	0	0.025368519	0	0	2.35052255e-08	2.86289897673e-05	5.951745e-10	0	0.002873387	0.000455225	0.000164704	0.000534091	0	0	0.135500796	2.3612299305e-06	0.000146608	2.4973833e-09
BHS	"Bahamas, The"	Latin America & Caribbean	High income	31458.301	409984	16.508	12.9	18.55	2017	43.82	2018	5.34	2011	2.48	2017	NA	NA	NA	NA	NA	NA	1.341515766	2011	NA	NA	0	2.11742624978e-05	0.013540106	0	0	0	7.627998036e-07	8.254041e-10	0	0.00318191	0.000477145	0.008173668	0.000590935	0.000837804	0	0.21020989	4.44615796e-07	0.000280425	4.379675e-10
BIH	Bosnia and Herzegovina	Europe & Central Asia	Upper middle income	7568.798	3233526	50.159	6	23.18	2019	63.96	2019	1.38	2019	2.57	2019	NA	NA	NA	NA	NA	NA	2.146263862	2019	NA	NA	0	0	0.040266642	0	0	1.82651258e-08	3.1017460358e-06	1.3574e-11	5.03492314761e-05	0.000374183	0.000435787	5.11505546202e-05	0.000459879	0	0	0.174974904	4.5355489e-09	0.000194525	9.3145395e-09
BLR	Belarus	Europe & Central Asia	Upper middle income	7888.264	9228071	19.674	2.6	44.7	2020	105.2	2020	4.34	2020	5.68	2020	NA	NA	NA	NA	NA	NA	0.421539886	2020	NA	NA	0	0	0.03226308	0	0	7.915681e-09	1.72464212968e-05	7.1086021e-09	0	0.001819529	0.000595786	0.002214374	0.000503897	0	0	0.165756624	3.9595828e-09	0.00031256	1.9942579e-09
BLZ	Belize	Latin America & Caribbean	Upper middle income	6984.217	405272	53.604	10.9	10.81	2018	23.48	2018	7.65	2022	1.7	2022	3.898616238	2009	1.480487179	2009	NA	NA	NA	NA	NA	NA	0	0.000124651	0.015476867	0	0	0	1.7644620498e-06	8.55136e-11	0.001068257	0.005162324	0.000742693	0.004814237	0.000572297	0.000297282	0	0.20525524	3.350631203e-07	0.000358136	7.34104e-11
BOL	Bolivia	Latin America & Caribbean	Lower middle income	3600.122	12224110	29.17	23.9	12.69	2021	16.05	2021	2.39	2021	2.27	2021	NA	NA	NA	NA	NA	NA	NA	NA	0.01799722	2021	0	0.041158965	0.037627891	0	1.307478217e-07	0	7.8412456909e-06	1.330991e-10	0.008162331	0.00224137	0.000267315	0.001910449	0.000603386	0.000428785	0.002149033	0.181436478	8.931520956e-07	0.000288329	2.01297431e-08
BRA	Brazil	Latin America & Caribbean	Upper middle income	8917.675	215313498	12.445	14	21.42	2021	55.13	2021	3.36	2021	6.68	2021	13.06035166	2019	0.521007745	2017	0.646684956	2000	4.724181296	2021	0.178298158	2017	0	0.009590811	0.026755847	0.027220606	1.07915707e-08	9.10667322e-08	7.51053797264e-05	7.16688e-11	0.003379692	0.002753151	0.000653186	0.003245598	0.000650964	0.00356794	0.001264853	0.250279382	5.289866222e-07	0.00015807	1.8192737e-09
BRB	Barbados	Latin America & Caribbean	High income	20238.784	281635	68.676	10.9	29.65	2022	31.36	2018	9.31	2005	3.15	2017	NA	NA	3.62170895	2005	NA	NA	0.781152911	2005	NA	NA	0	8.946597249e-07	0.010089512	0	0	0	5.592324531e-07	5.1056507e-09	0	0.005966122	0.000687401	0.005632672	0.000695764	0.001182673	0	0.19166829	6.310915607e-07	0.000417939	1.014835e-10
BRN	Brunei Darussalam	East Asia & Pacific	High income	37152.477	449002	21.146	9.7	19.13	2021	67.11	2021	2.13	2021	2.38	2021	NA	NA	2.02671703	2015	2.516692576	2015	0.46770393	2015	NA	NA	0	0	0.00432916	0	0	0	7.94596902e-08	3.8278e-12	0	0.000874189	0.000152028	0.001193445	0.000825295	8.15459982803e-05	0	0.275678572	5.561979e-09	0.000113385	5.0033438e-09
BTN	Bhutan	South Asia	Lower middle income	3560.198	782455	56.314	23.7	5.52	2022	20.47	2022	0.68	2022	0.97	2022	14.69733084	2018	0.012780288	2018	4.268616087	2022	0.421749494	2022	2.671080126	2021	0	0	0.001148303	0	0	0	5.4514790488e-06	7.06723788e-08	1.2627492287e-06	0.008108614	0.001042736	0.001275238	0.000585231	3.16379175866e-05	0.000985805	0.054625637	9.1861914521e-06	0.001373446	1.17820667e-08
BWA	Botswana	Sub-Saharan Africa	Upper middle income	7738.879	2630296	27.776	38.7	3.78	2022	30.52	2022	0.48	2022	0.33	2022	0.631107678	2012	0.019009267	2009	0.726154015	2022	0.114055604	2022	NA	NA	0	0	0.037854977	0.160099765	0	5.1990484854e-06	8.06192950799e-05	1.21693423e-08	0	0.019168522	0.000962638	0.154319111	0.000574648	0	0.000500859	0.145272494	1.1651442118e-06	0.000204038	7.10157157e-08
CAF	Central African Republic	Sub-Saharan Africa	Low income	427.058	5579144	56.88	96.8	0.21	2021	1.91	2021	0.004	2021	0.004	2021	2.858861503	2021	0.044809741	2021	0.200747642	2018	0.007169559	2004	NA	NA	0	0	0.016029362	0.101574612	1.3171063045e-06	1.2381616009e-06	0.001064575	1.05135188e-08	0.000231472	0.014466457	0.005388855	0.023616828	0.000601008	0.000147921	0.24785283	0.373817887	7.4161892364e-06	0.000326998	1.9986642168e-06
CAN	Canada	North America	High income	55522.446	38929902	18.248	4.9	24.97	2022	103.1	2022	10.41	2022	6.57	2020	NA	NA	0.438737298	2020	5.075019197	2020	5.109953783	2022	NA	NA	0	0.000124729	0.006122582	0	0	2.926731e-10	1.05303735985e-05	7.63777e-11	0	0.00078371	0.000155588	0.002779099	0.000853955	0	0	0.107719561	3.8933131e-09	1.7704714753e-06	1.47813e-11
CHE	Switzerland	Europe & Central Asia	High income	93259.906	8775760	25.908	4	44.43	2021	187.6	2021	6.62	2021	4.06	2019	NA	NA	NA	NA	NA	NA	NA	NA	8.76619233	2016	0	0.000202335	0.01066264	0	0	0	3.1578188709e-06	8.11041e-11	0	0.005294221	0.000145606	0.001779389	0.000883208	0	0	0.072376155	2.9264552e-09	0.000122712	2.180601e-10
CHL	Chile	Latin America & Caribbean	High income	15355.48	19603733	12.088	6.3	31.7	2022	49.68	2022	6.67	2022	15.79	2022	NA	NA	0.178537424	1992	0.014793101	2009	20.05332352	2022	0.14282994	1992	0	0.013125827	0.010045401	0	0	0	3.7674395279e-06	2.38887e-11	0	0.001347017	0.000177126	0.003547046	0.000730302	0	0	0.150999521	2.92965849e-08	0.000260891	4.860605e-10
CHN	China	East Asia & Pacific	Upper middle income	12720.216	1412175000	36.44	6.6	25.18	2021	35.2	2021	3.21	2017	4.52	2017	7.976653035	2011	NA	NA	NA	NA	NA	NA	NA	NA	0	0	9.4824968079e-06	0.008405879	0	1.4354588e-08	1.35407376191e-05	1.7202248e-08	1.07197202796e-05	0.000804871	0.000187956	0.000401328	0.0008188	1.1583668134e-06	0	0.360564901	1.9749281685e-06	0.000670598	4.3298614e-09
CIV	C™te d'Ivoire	Sub-Saharan Africa	Lower middle income	2486.412	28160542	47.339	69.4	1.75	2022	7.96	2022	0.41	2022	0.15	2022	5.168934604	2018	0.280534373	2014	0.845154188	2014	0.033735146	2022	NA	NA	0	0	0.02536584	0.060453615	6.99949735e-07	9.02875245095e-05	0.000210424	8.65494153e-08	0.000129095	0.01435903	0.001760359	0.018633463	0.000611451	0.000132737	0.212713168	0.173820079	5.972480957e-06	0.000317678	1.499329835e-07
CMR	Cameroon	Sub-Saharan Africa	Lower middle income	1563.489	27914536	41.267	69.8	1.35	2022	6.5	2022	0.22	2022	0.11	2022	0.111053252	2022	0.239301846	2022	0.104963235	2022	0.008597671	2022	0.001791181	2022	0	0	0.027665022	0.081157575	3.166894414e-07	6.83172260081e-05	0.000397541	7.92853653e-08	0.000374412	0.014567882	0.003379833	0.02280455	0.000603391	0.000210591	0.171767714	0.174506402	5.0015577462e-06	0.000325475	2.194548872e-07
COD	"Congo, Dem. Rep."	Sub-Saharan Africa	Low income	653.656	99010212	53.163	75.6	1.87	2022	11.91	2022	0.081	2022	0.04	2022	NA	NA	0.072517772	2022	0.296333069	2018	0.080092748	2022	NA	NA	4.737861259e-07	0	0.027387506	0.080821463	1.0323760136e-06	2.86314542707e-05	0.000944294	6.4943354e-09	0.00018012	0.013089272	0.003346515	0.004297053	0.000589719	9.31817055062e-05	0.258835567	0.305935808	4.6463612586e-06	0.000361909	3.572058984e-07
COG	"Congo, Rep."	Sub-Saharan Africa	Lower middle income	2649.225	5970424	31.264	41.6	1.75	2022	10.85	2022	0.047	2022	0.015	2022	NA	NA	0.031823535	2007	0.535975334	2018	0.003349846	2004	NA	NA	0	0	0.029292746	0.088329889	3.4567280302e-06	5.91477806315e-05	0.000603458	2.7710165e-09	0	0.017559958	0.001972312	0.019968992	0.000561207	0.000185106	0.171274922	0.297156208	1.782174373e-06	0.000259467	1.497950547e-07
COK	Cook Islands	East Asia & Pacific	High income	NA	NA	NA	NA	13.45	2019	81.87	2019	0.56	2014	3.51	2019	NA	2009	NA	2009	NA	2014	NA	2014	NA	NA	0	0	0.007589022	0	0	6.6790007929e-06	2.8682128508e-06	1.08181739e-08	0	0.011527568	0.00105964	0.001355528	0.000847666	6.47819318017e-05	0	0.272155915	1.576262278e-07	0.000240297	4.0713699e-09
COL	Colombia	Latin America & Caribbean	Upper middle income	6624.165	51874024	17.95	12.4	24.51	2021	14.49	2021	1.85	2021	8.26	2021	NA	NA	NA	NA	NA	NA	7.085048964	2021	NA	NA	0	0.002748474	0.020630286	0	3.2489118e-08	0	1.96670068668e-05	9.2929e-12	0.004136862	0.002982218	0.000322005	0.003153693	0.000630694	0.00093245	0.003356187	0.204061782	3.832984355e-07	0.000478501	7.55112e-11
COM	Comoros	Sub-Saharan Africa	Lower middle income	1484.892	836774	70.136	48.2	4.39	2020	15.74	2020	0.43	2020	0.4	2020	NA	NA	0.059753291	2004	0.083654607	2004	NA	NA	NA	NA	0	0	0.032618356	0	0	7.98865266784e-05	0.000231993	7.68184216e-08	0	0.017304369	0.002854656	0.000116557	0.000591539	0.007297305	0.005089548	0.225342304	6.1914636982e-06	0.000374827	9.15700655e-08
CPV	Cabo Verde	Sub-Saharan Africa	Lower middle income	3754.305	593149	32.455	12.3	44.58	2022	15.87	2022	0.39	2022	0.17	2022	2.613171395	2022	NA	NA	1.095846069	2018	0.168591703	2022	NA	NA	0	0	0.026184244	0	0	9.7829121307e-06	1.08698930205e-05	3.58414986e-08	0	0.010250672	0.00256158	0.005951216	0.000581129	0.004740062	0.00067761	0.145446755	2.9862180689e-06	0.000426557	6.9861919e-09
CRI	Costa Rica	Latin America & Caribbean	Upper middle income	13365.356	5180829	17.958	7.7	26.36	2022	60.25	2022	11.86	2022	10.69	2022	NA	NA	2.44362437	2000	3.42030204	2022	17.45473553	2022	NA	NA	0	0.004707667	0.021688859	0	0	0	1.2448849807e-06	3.61684e-11	0.00489131	0.00683901	0.000340425	0.001148979	0.000623577	0.001649727	0.000303943	0.189477191	2.19514609e-08	0.000501588	3.21247e-11
CUB	Cuba	Latin America & Caribbean	Upper middle income	9499.573	11212191	22.599	8	94.29	2021	75.68	2018	NA	NA	16.71	2018	NA	NA	2.491930435	2010	NA	NA	NA	NA	NA	NA	0	1.9939948975e-06	0.010531703	0	0	0	3.708350194e-07	6.11176e-11	0	0.005729569	0.001476979	0.002457732	0.000702496	0.000103244	0	0.164689166	4.860018614e-07	0.000438135	9.46633e-11
CYP	Cyprus	Europe & Central Asia	High income	32048.24	1251488	33.089	3.5	35.52	2021	46.28	2021	13.3	2021	8.03	2021	0.407514894	2020	0.759096372	2008	0.175790739	2008	8.206231302	2019	NA	NA	0	0	0.008833879	0	0	2.19028115e-08	3.8849705798e-06	3.0842e-10	1.5636913436e-05	0.005458315	2.58070058609e-05	0.000164454	0.000801989	0	0	0.078940962	4.8369095e-09	5.69392641459e-05	5.166304e-10
CZE	Czechia	Europe & Central Asia	High income	27226.616	10672118	25.623	2.6	42.54	2021	93.56	2021	7.15	2021	7.58	2021	NA	NA	NA	NA	NA	NA	9.2399653	2021	NA	NA	0	0	0.037650512	0	0	4.846355e-09	8.671488851e-07	8.2064e-12	0	0.000678877	0.000327613	0.00011952	0.000481338	0	0	0.138714034	3.8907274e-09	0.000145193	6.862769e-10
DEU	Germany	Europe & Central Asia	High income	48717.991	83797985	22.352	3.6	45.18	2021	123	2021	6.72	2021	8.55	2021	NA	NA	NA	NA	NA	NA	23.27024928	2021	NA	NA	0	1.53019292437e-05	0.008871136	0	0	2.3654611e-09	7.075577644e-07	1.66185e-11	0	0.003360247	2.95894794301e-05	0.001105471	0.000986559	0	0	0.07916037	2.5310213e-09	0.000123416	1.79305e-11
DJI	Djibouti	Middle East & North Africa	Lower middle income	3136.113	1120849	21.62	51.9	2.03	2014	6.62	2014	2.12	2014	0.19	2014	NA	NA	0.178436168	2005	0.026765425	2005	0.026765425	2005	NA	NA	0	0	0.023973434	0.001190322	0	0.00011055	0.000524052	5.87649925e-08	0.000149832	0.015886452	0.002356551	0.012855713	0.000578337	0.000371258	0.036114522	0.194979372	6.7218868257e-06	0.000320376	2.356184605e-07
DMA	Dominica	Latin America & Caribbean	Upper middle income	8351.193	72737	28.3	32.2	11.16	2018	65.11	2018	2.64	2001	1.13	2018	NA	NA	8.936304769	2001	NA	NA	NA	NA	NA	NA	0	7.8367070632e-06	0.012900152	0	0	0	4.155718675e-07	1.9279529e-09	0	0.004342496	0.000926013	0.001794806	0.000619708	0.000125001	0	0.240949387	3.086407282e-07	0.000464286	7.3603632e-09
DNK	Denmark	Europe & Central Asia	High income	67790.054	5903037	11.633	3.5	43.81	2020	106.4	2020	5.56	2020	7.15	2020	NA	NA	NA	NA	NA	NA	17.74510307	2020	2.646095561	2016	0	3.70199470749e-05	0.007305307	0	0	0	1.3376970508e-06	8.3099e-11	0	0.006421982	0.00023121	0.000900734	0.000892675	0	0	0.079835973	1.30384936e-08	6.84137154593e-05	2.32446e-11
DOM	Dominican Republic	Latin America & Caribbean	Upper middle income	10111.246	11228821	16.152	32.4	22.35	2022	20.78	2022	1.52	2022	2.52	2022	2.42768141	2019	NA	NA	NA	NA	NA	NA	NA	NA	0	7.23018025056e-05	0.011535903	0.107660668	0	0	2.7091197293e-06	1.1582823e-09	0.001295743	0.003977657	0.000583659	0.005617275	0.000619771	0.000332758	2.91872654985e-05	0.222360623	9.342219559e-07	0.000309845	1.82540805e-08
DZA	Algeria	Middle East & North Africa	Lower middle income	4342.638	44903225	25.228	21.8	9.87	2019	3.16	2019	0.51	2019	1.64	2019	NA	NA	0.280158051	2018	0.030287357	2018	0.38994972	2018	NA	NA	0	0	0.006607219	0.003483688	0	5.8369380881e-06	7.10584634921e-05	1.829344e-10	0.004369849	0.004598367	0.000406125	0.000453919	0.000634971	0	0	0.100033914	1.7131540061e-06	0.000188227	6.5341908e-09
ECU	Ecuador	Latin America & Caribbean	Upper middle income	6391.282	18001000	35.43	12.2	23.08	2020	25.16	2018	0.42	2015	3.02	2017	0.585523026	2015	0.383867563	2015	NA	NA	1.83712016	2015	0.172212655	2015	0	0.008266062	0.029758421	0	1.36111275e-07	0	7.59722240608e-05	8.3938e-12	0.003079179	0.002697391	0.000196691	0.002664414	0.00061406	0.000322411	0.001454973	0.141838811	9.566722708e-07	0.000210816	2.39282e-11
EGY	"Egypt, Arab Rep."	Middle East & North Africa	Lower middle income	4295.407	110990103	57.033	18.1	6.83	2020	18.27	2018	4.34	2018	1.9	2018	0.086764493	2018	1.046489704	2017	1.372554812	2018	0.405261359	2018	0.335165019	2016	0	0	0.025771014	0.018232929	0	2.151281283e-06	5.29939670075e-05	2.9943316e-09	0.002528749	0.00576683	0.000602283	6.83750411814e-05	0.000615645	1.62168654798e-05	0	0.285901401	6.0962796857e-06	0.000171654	1.00724773e-08
ERI	Eritrea	Sub-Saharan Africa	Low income	NA	3684032	57.375	36.6	0.71	2022	13.77	2022	0.54	2022	0.16	2022	7.128059691	2022	0.632459219	2022	0.803467505	2022	0.002714417	2022	NA	NA	0	0	0.014913388	0.023216634	6.949239907e-07	4.3778311992e-06	0.000180897	1.11817223e-07	0.000195449	0.026626673	0.002584329	0.003668296	0.000591178	6.1490220406e-06	0.004596691	0.245383632	7.5297896148e-06	0.000353211	1.754191588e-07
ESP	Spain	Europe & Central Asia	High income	29674.544	47778340	18.696	3	44.8	2021	65.37	2021	12.54	2021	8.51	2021	NA	NA	NA	NA	NA	NA	13.12121769	2021	NA	NA	0	0.000701606	0.011066736	0	0	1.2061859e-09	3.4364241029e-06	7.1963e-12	3.33130308995e-05	0.003585079	5.02866499093e-05	0.00456548	0.000955153	0	0	0.026164875	1.02913939e-08	0.000116713	1.23992e-11
EST	Estonia	Europe & Central Asia	High income	28247.096	1348840	30.391	1.9	34.38	2021	68.7	2021	7.13	2021	10.13	2021	NA	NA	0.014827556	2020	5.716022657	2020	4.240680881	2021	0.326206222	2000	0	0	0.018832004	0	0	0	2.582732788e-06	6.04383e-10	0	0.002248282	0.000504075	0.003750878	0.000534999	0	0	0.150726359	1.02658402e-08	0.000217889	1.3228136e-09
ETH	Ethiopia	Sub-Saharan Africa	Low income	1027.586	123379924	77.339	46.2	1.08	2022	7.48	2022	0.48	2022	0.022	2022	3.331255091	2022	0.191846447	2022	0.648808959	2020	0.018722657	2022	NA	NA	0	0	0.040733518	0.19672253	2.7650312683e-06	3.432201148e-05	0.00062568	3.788042356e-07	0.000198722	0.017486362	0.003688424	0.006722176	0.00059763	9.2526758829e-06	0.013195894	0.32912802	1.28365520448e-05	0.000348221	4.049226719e-07
FIN	Finland	Europe & Central Asia	High income	50871.93	5556106	14.319	2.3	43.81	2021	521.6	2021	20.3	2021	9.68	2021	NA	NA	NA	NA	NA	NA	15.97341735	2020	NA	NA	0	1.75935615238e-05	0.005140702	0	0	1.52865107e-08	6.1648366595e-06	1.492276e-10	0	0.002186912	0.000195272	0.0005267	0.000914516	0	0	0.076858645	4.643602e-09	0.000174126	2.84349e-11
FJI	Fiji	East Asia & Pacific	Upper middle income	5356.164	929766	41.771	28.2	8.14	2015	38.37	2019	1.04	2015	1.17	2019	NA	NA	1.333668902	2015	1.903704803	2015	0.225863282	2015	NA	NA	0	0	0.018484953	0	0	2.77335782238e-05	4.5162091215e-06	2.297663e-09	0	0.008266577	0.000833081	0.000553025	0.000726735	0.001021292	0	0.380790858	1.152336213e-07	0.000363678	4.96589233e-08
FRA	France	Europe & Central Asia	High income	40886.253	67971311	18.491	4.1	33.43	2021	93.78	2021	9.61	2021	6.96	2021	NA	NA	NA	NA	NA	NA	14.3061828	2021	0.83167441	2016	0	3.20824218535e-05	0.011737325	0	0	6.9503054e-09	4.9730762433e-06	1.9897e-11	9.4493115908e-06	0.007697331	9.39759725095e-05	0.003939229	0.001030823	0	0	0.074633429	7.9718112e-09	4.35687420473e-05	4.7282e-11
FSM	"Micronesia, Fed. Sts."	East Asia & Pacific	Lower middle income	3713.955	114164	76.783	24.2	9.63	2020	21.99	2019	NA	NA	1.29	2008	2.715391892	2008	37.92789321	2008	NA	NA	NA	NA	NA	NA	0	0	7.4692218423e-06	0	0	9.48033183749e-05	2.15104608809e-05	4.3705633e-09	0	0.005534083	0.0010327	0.001336361	0.000678914	0.000263707	0	0.388362869	4.3174857e-08	0.000383942	1.350435497e-07
GAB	Gabon	Sub-Saharan Africa	Upper middle income	8820.347	2388992	9.265	38.8	4.77	2022	21.75	2022	0.7	2022	0.18	2022	0.410214852	2022	0.648809205	2022	0.966935009	2022	0.008371732	2022	0.138133573	2020	0	0	0.027663963	0.063420094	2.5797186096e-06	1.49260714132e-05	0.000480666	2.5813343e-09	0	0.01413784	0.001792809	0.031238306	0.000579869	0.00028003	0.184058312	0.267663144	1.6136613631e-06	0.00019785	6.45499044e-08
GBR	United Kingdom	Europe & Central Asia	High income	46125.256	66971395	15.602	4.1	31.74	2022	91.51	2022	9.06	2022	4.93	2022	NA	NA	2.155995108	1997	NA	NA	4.763824914	2022	NA	NA	0	5.7921699634e-06	0.013150544	0	0	8.320116e-10	4.9312600631e-06	2.611594e-10	0	0.002371499	0.000293036	0.002191544	0.000885415	0	0	0.086486809	6.8835627e-09	0.00016689	1.4569825e-09
GEO	Georgia	Europe & Central Asia	Upper middle income	6674.957	3712502	39.703	9.3	56.13	2022	59.8	2022	0.94	2022	7.72	2022	NA	NA	NA	NA	0.883501208	2019	0.212794498	2022	0.018855209	2018	0	0	0.048063391	0	0	3.90023553e-08	3.1125227737e-06	7.3001807e-09	0.000295155	0.001437359	0.000444008	0.001343215	0.000517508	0	0	0.217163239	6.46076168e-08	0.000305021	2.1616226e-09
GHA	Ghana	Sub-Saharan Africa	Lower middle income	2203.559	33475870	41.385	42.3	1.41	2022	37.89	2022	0.36	2022	0.23	2018	4.725792041	2018	0.014039964	2022	0.63896771	2022	0.058549636	2022	0.002091058	2021	0	0	0.027436659	0.198082851	6.175163236e-07	3.3390033495e-06	0.000134717	1.457074488e-07	0.001145411	0.012579172	0.002401134	0.0117728	0.000593826	0.00042329	0.100998395	0.205776257	5.9794087662e-06	0.000374061	4.88311523e-08
GIN	Guinea	Sub-Saharan Africa	Lower middle income	1515.168	13859341	62.332	96	0.21	2022	3.71	2022	0.2	2018	0.025	2022	11.95367081	2018	0.047621312	2004	0.13059784	2018	0.005050745	2004	NA	NA	1.4976134165e-06	0	0.032837482	0.052639822	3.0102156834e-06	0.000269121	0.000731297	1.220909019e-07	0.000147469	0.015605344	0.005306392	0.009225273	0.000623937	6.43211028743e-05	0.246194411	0.194448752	5.6173213983e-06	0.000343813	1.057140864e-06
GMB	"Gambia, The"	Sub-Saharan Africa	Low income	808.278	2705992	36.148	45.6	1.02	2021	6.75	2021	0.015	2021	0.034	2021	5.739115267	2018	0.162602107	2021	0.066519044	2021	0.003695502	2021	NA	NA	0	0	0.031443932	0.041618662	1.5910984166e-06	8.39230981471e-05	0.000176067	8.89606884e-08	9.43302842185e-05	0.010956049	0.003214459	0.014208346	0.000600552	0.000293297	0.0216832	0.148718227	5.2614659372e-06	0.000398967	7.36077044e-08
GNB	Guinea-Bissau	Sub-Saharan Africa	Low income	775.829	2105566	54.959	71.9	2.08	2022	9.86	2022	0.009	2022	0.095	2022	18.87853432	2022	0.004749317	2021	0.004749317	2022	0.023746584	2022	NA	NA	0	0	0.018370161	0.023875626	2.1413415828e-06	0.000280186	0.000431831	1.10602135e-07	0.00015359	0.015223388	0.003998582	0.023438935	0.000606803	0.000253174	0.052742178	0.208547292	8.4429266689e-06	0.000359747	3.121835371e-07
GNQ	Equatorial Guinea	Sub-Saharan Africa	Upper middle income	7182.265	1674908	25.99	73.4	1.43	2022	8.35	2022	0.084	2022	0.061	2004	0.871689669	2022	0.047763817	2004	0.011940954	2018	NA	NA	NA	NA	0	0	0.018735903	0.031149525	1.3737477971e-06	3.34968701767e-05	0.000756074	3.0913399e-09	0	0.01444684	0.00137263	0.059480946	0.00054535	7.34815159937e-05	0.179738615	0.24269895	1.7245215924e-06	0.000161637	1.369605255e-07
GRC	Greece	Europe & Central Asia	High income	20867.269	10426919	19.643	3.9	63.67	2021	40.86	2021	10.93	2021	13.17	2021	0.249354579	2011	1.659167008	2011	NA	NA	9.253932058	2021	0.527480841	2016	0	3.9356661824e-06	0.008704365	0	0	2.75465038e-08	1.63133942e-08	2.5617737e-09	1.27064270591e-05	0.002891096	0.000142238	0.000434392	0.000782237	0	0	0.083525343	2.04544041e-08	0.000298966	2.23337e-11
GRD	Grenada	Latin America & Caribbean	Upper middle income	9689.083	125438	63.132	16	13.14	2018	57.47	2018	6.25	2016	1.81	2018	3.587429647	2003	5.819608093	2006	NA	NA	0.079720659	2003	NA	NA	0	0.000170293	0.013314924	0	0	0	1.0043348887e-06	2.2457314e-09	0	0.010014003	0.000709819	0.001347766	0.000617394	0.000205598	0	0.216559506	5.639055019e-07	0.000349766	1.4462767e-09
GTM	Guatemala	Latin America & Caribbean	Upper middle income	5473.209	17357886	47.334	22.1	12.8	2020	23.08	2020	1.22	2020	2.59	2020	0.12962408	2020	NA	NA	1.177562752	2020	0.206822421	2020	NA	NA	0	0.006737625	0.031307221	0	0	0	7.83329637921e-05	5.30769e-11	0.003583442	0.006935149	0.00042728	0.000937035	0.000580024	0.000142597	1.432548468e-07	0.265708696	1.057725325e-07	0.000447883	1.99931e-11
GUY	Guyana	Latin America & Caribbean	High income	18199.475	808726	72.978	26.6	14.05	2020	34.83	2020	0.59	2020	0.69	2020	3.029456206	2010	NA	NA	0.160746656	2009	0.148381528	2018	NA	NA	0	4.12518538315e-05	0.022715384	0	4.918630167e-07	0	1.2254685915e-06	1.544877e-10	0.003032878	0.003495352	0.000422992	0.007813382	0.000607607	0.000143894	0.034807668	0.261211134	2.725460967e-07	0.000371212	2.46757e-11
HND	Honduras	Latin America & Caribbean	Lower middle income	3040.173	10432860	40.4	16	4.89	2020	7.13	2018	0.53	2000	0.32	2017	6.818839705	2016	0.377652916	2005	NA	NA	NA	NA	NA	NA	0	0.008105103	0.038297603	0	0	0	0.000119518	3.2769e-12	0.005723232	0.005265051	0.00043427	0.000385053	0.000587025	0.000541524	0.001013995	0.281951285	1.211330709e-07	0.000566881	1.51866054e-08
HRV	Croatia	Europe & Central Asia	High income	18570.404	3855600	41.781	4.6	36.1	2021	76.84	2021	10.61	2022	13.51	2022	NA	NA	NA	NA	NA	NA	9.30335097	2021	NA	NA	0	0	0.03106915	0	0	8.947516e-10	1.1815460687e-06	1.10962e-11	2.44155912568e-05	0.000254942	0.000371929	0.00015328	0.000474565	0	0	0.136812079	5.0424197e-09	0.000241107	3.61513e-11
HTI	Haiti	Latin America & Caribbean	Lower middle income	1748.257	11584996	41.18	56.5	2.37	2018	4.02	2018	0.31	2018	0.22	2018	NA	NA	NA	NA	NA	NA	0.030211491	2011	NA	NA	0	0	0.013152584	0	0	0	4.5976305093e-06	4.48403e-10	0	0.003096498	0.00218027	0.01688203	0.000587568	0.000253904	0.002833875	0.307758951	3.5614333187e-06	0.000482124	3.44464772e-07
HUN	Hungary	Europe & Central Asia	High income	18390.185	9643048	27.448	4	32.98	2021	55.06	2021	8.14	2021	7.1	2021	5.53248309	2019	NA	NA	NA	NA	6.396317845	2021	NA	NA	0	0	0.032618545	0	0	2.500464e-10	2.619361861e-07	1.108066e-10	0	0.000777825	0.000210432	0.0002345	0.000475189	0	0	0.155523748	5.5737751e-09	0.000143976	7.36826e-11
IDN	Indonesia	East Asia & Pacific	Upper middle income	4787.999	275501339	42.066	21.3	6.9	2022	41.73	2022	1.16	2022	1.47	2022	18.26517438	2022	1.318287604	2022	NA	NA	0.727364886	2022	0.060761955	2022	0	0	0.02766023	3.26375259771e-05	0	1.22583736189e-05	1.60355094558e-05	6.924276e-09	0	0.008622216	0.000552847	0.000494658	0.000739077	0.000545885	0.004094449	0.376859666	1.86860032268e-05	0.000203209	8.15926543e-08
IND	India	South Asia	Lower middle income	2410.888	1417173173	64.128	29.1	7.27	2020	17.28	2020	8.6	2020	1.6	2020	7.745059114	2020	0.296922076	1991	4.484279071	2020	0.803973729	2020	3.992320845	2020	0	0	0.029278615	0	0	9.170729033e-06	0.000162078	1.12574028e-07	3.3601441873e-06	0.021030924	0.001334378	0.001383041	0.000587665	0.001217317	0.003019525	0.273284512	6.06477582e-06	0.001462671	2.51114889e-08
IRL	Ireland	Europe & Central Asia	High income	103983.291	5127170	35.817	3.1	40.62	2021	143.4	2022	11.38	2022	4.82	2022	NA	NA	7.430999947	2006	NA	NA	10.94170858	2022	0.665084247	2016	0	0.000298325	0.011807363	0	0	2.28411323e-08	7.924432545e-06	2.85144e-11	0	0.004750403	7.89794724215e-05	0.000873071	0.00082476	0	0	0.071245302	2.8190621e-09	6.634193459e-05	8.7755e-12
IRN	"Iran, Islamic Rep."	Middle East & North Africa	Lower middle income	4669.571	88550570	23.193	12	15.14	2018	19.84	2018	2.8	2018	4.28	2018	3.387894623	2016	0.4661743	2004	0.369958093	2004	0.404288758	2006	0.11372033	2006	0	0	0.02732087	1.74113333591e-05	0	3.18452593e-08	5.69889953218e-05	4.572047e-10	0.006504556	0.003676238	0.000306119	0.000263694	0.000607062	0	2.98603582244e-05	0.279824498	8.588823925e-07	0.000196487	3.6367977e-09
IRQ	Iraq	Middle East & North Africa	Upper middle income	5937.195	44496122	28.646	23.5	10.12	2022	26.23	2022	6.13	2022	4.97	2022	NA	NA	NA	NA	NA	NA	0.004719512	2018	NA	NA	0	0	0.04074509	0.065652673	0	2.93533091e-08	0.00015089	2.1503334e-09	0.007667601	0.004493275	0.000470685	5.4170619456e-05	0.00057911	0	0	0.137857172	5.5374830999e-06	0.000264571	1.45714195e-08
ISL	Iceland	Europe & Central Asia	High income	73466.779	382003	6.008	2.6	45.24	2022	159.5	2022	11.16	2022	8.07	2022	NA	NA	1.387423659	2009	7.722452441	2022	16.23023903	2022	NA	NA	0	1.89582522844e-05	0.003881171	0	0	1.3850593e-09	0.000128409	1.3454453e-09	0	0.004893224	3.00789350735e-05	0.000778161	0.000767123	0	0	0.068314486	2.31992917e-08	1.30045761317e-05	8.748175e-10
ISR	Israel	Middle East & North Africa	High income	54930.939	9557500	7.237	3.4	37.13	2022	58.64	2022	7.52	2022	9.07	2022	0.313889615	2022	2.720376668	2022	5.226262098	2022	7.847240387	2022	6.800941669	2022	0	0.000127832	0.010355755	0	0	0	5.0285905235e-06	1.39898e-11	9.97513675073e-05	0.004364927	2.75843458974e-05	0.001578603	0.000967436	0	0	0.075831038	2.9432426e-09	7.78994973662e-05	2.819082e-10
ITA	Italy	Europe & Central Asia	High income	34776.423	58940425	28.343	2.6	42.48	2022	77.1	2022	12.81	2021	8.39	2021	NA	NA	NA	NA	NA	NA	10.98329372	2021	NA	NA	0	0	0.008826008	0	0	4.1335721e-09	3.486679262e-07	2.2203e-11	1.40936529094e-05	0.001340249	0.000147927	0.002852736	0.00092793	0	0	0.109345973	3.72070594e-08	0.000197082	2.173366e-10
JAM	Jamaica	Latin America & Caribbean	Upper middle income	6047.216	2827377	42.992	18.8	5.5	2018	9.84	2018	0.16	2018	0.93	2017	3.911752837	2018	0.183916047	2016	NA	NA	0.700295716	2018	NA	NA	0	5.1807290903e-06	0.010674286	0	0	0	4.841966321e-07	3.276241e-10	0	0.00384207	0.000955171	0.004851381	0.000607387	9.52891974496e-05	0	0.194453498	3.233584279e-07	0.000447495	7.1128e-12
JOR	Jordan	Middle East & North Africa	Lower middle income	4311	11285869	8.173	14.1	25.13	2019	31.6	2019	9.85	2019	7.4	2019	NA	NA	1.251122089	2004	1.772127605	2004	0.150630846	2004	0.886063802	2004	0	0	0.033644018	0.004051322	0	4.270466e-09	7.17242873702e-05	8.7545e-12	0.000417769	0.003133205	0.000558448	2.54755775547e-05	0.000568661	9.2987054383e-06	0	0.026235579	1.9262515694e-06	0.000210073	3.9907711e-09
JPN	Japan	East Asia & Pacific	High income	34017.272	125124989	8.045	2.3	26.14	2020	124.5	2020	20.01	2020	8.32	2020	NA	NA	NA	NA	NA	NA	4.924675758	2011	NA	NA	0	4.59369364075e-05	0.002815834	0	0	1.3621357e-09	4.98707485e-08	1.170293e-10	0	0.006421202	0.000356927	0.000406781	0.001099656	0	0	0.165777179	6.68365609e-08	0.000219123	1.5523346e-09
KAZ	Kazakhstan	Europe & Central Asia	Upper middle income	11492.032	19621972	42.01	9.7	40.28	2020	69.39	2020	3.37	2020	2.41	2020	NA	NA	NA	NA	NA	NA	0.389869071	2020	NA	NA	0	0	0.029941993	0	0	3.168744e-09	2.78860377476e-05	6.9463818e-09	0.000195461	0.001446918	0.000552144	0.001173034	0.000504391	0	0	0.193618382	5.7808943e-09	0.000286298	9.3045e-10
KEN	Kenya	Sub-Saharan Africa	Lower middle income	2099.302	54027487	70.998	41.1	1.02	2022	6.44	2022	0.16	2022	0.051	2022	15.99611694	2022	0.793299899	2022	0.863079195	2022	0.116792402	2022	NA	NA	0	0	0.038594415	0.215406252	3.219278768e-07	0.000133568	0.000221139	6.98829009e-08	1.15500170599e-05	0.025372327	0.001841999	0.031958793	0.000562981	0.000205226	0.032956421	0.265801581	4.8120637332e-06	0.000347848	6.56200931e-08
KGZ	Kyrgyz Republic	Europe & Central Asia	Lower middle income	1655.073	6974900	62.539	17.3	21.45	2021	44.23	2020	0.32	2020	1.81	2020	NA	NA	NA	NA	NA	NA	0.176346614	2020	NA	NA	0	0	0.027958642	0	0	1.24505685e-08	8.58720852092e-05	3.2321063e-09	0.000462599	0.001339568	0.000875808	0.001144425	0.000494983	0	0	0.207107078	7.3784752e-09	0.000391665	7.16467e-11
KHM	Cambodia	East Asia & Pacific	Lower middle income	1759.608	16767842	74.886	23.7	2.14	2019	10.25	2019	0.35	2014	0.86	2018	0.976869892	2004	4.248012356	2012	0.330394335	2014	0.104962821	2014	0.189052354	2013	0	0	0.012356208	1.67714715789e-05	0	8.2844001e-09	2.2522185773e-06	6.01791299e-08	0	0.006399892	0.000425841	0.004401037	0.000698441	0.000152203	0.004002387	0.331975891	1.2248810711e-05	0.00036292	5.9341305e-08
KIR	Kiribati	East Asia & Pacific	Lower middle income	1701.971	131232	42.942	56.4	1.94	2013	36.22	2018	0.25	2016	0.68	2016	NA	NA	0.533406486	2013	NA	NA	0.22860278	2013	NA	NA	0	0	0.000294888	0	0	5.09484735541e-05	4.43784101243e-05	6.9610294e-09	0	0.010810283	0.002620405	7.86259593996e-05	0.000681984	0.003721227	0	0.423144238	9.583238218e-07	0.000453631	1.0018347253e-06
KNA	St. Kitts and Nevis	Latin America & Caribbean	High income	20262.267	47657	69.009	15.4	30.34	2018	45.19	2015	NA	NA	2.51	2018	10.07197264	2001	NA	NA	NA	NA	NA	NA	NA	NA	0	0	0.00696568	0	0	0	3.495908527e-07	4.108538e-09	0	0.005419991	0.000652739	0.006384358	0.000617355	4.08662125572e-05	0	0.223710556	2.085463231e-07	0.000322867	8.63598e-10
KOR	"Korea, Rep."	East Asia & Pacific	High income	32422.574	51628117	18.573	2.8	25.17	2021	89.15	2021	7.79	2021	5.3	2021	NA	NA	NA	NA	NA	NA	8.790752527	2021	3.564143159	2009	0	0	0.001378691	0	0	0	1.04554512e-08	6.3245e-12	0	0.000949985	0.00012911	0.000177603	0.001152632	0	0.000211099	0.165385947	1.040627022e-07	0.000131468	5.635029e-10
KWT	Kuwait	Middle East & North Africa	High income	41079.523	4268873	0	8.6	22.93	2020	45.87	2020	4.82	2014	6.62	2015	NA	NA	NA	NA	NA	NA	NA	NA	NA	NA	0	0	0.017780339	0	0	1.8901478012e-06	2.51126283566e-05	2.012654e-10	0.000289825	0.003229018	0.000321554	1.54971974803e-05	0.000547903	3.44546560299e-05	0	0.117906237	2.5256045969e-06	0.000142886	5.943234e-10
LAO	Lao PDR	East Asia & Pacific	Lower middle income	2054.431	7529475	62.408	40.4	3.27	2021	11.83	2020	2.27	2020	0.76	2020	0.099608538	2019	1.308192138	2014	0.844680406	2014	0.334684689	2014	4.15434011	2010	0	0	0.014926079	0.000145794	0	6.0190478824e-06	0.00011137	6.4299441e-08	0	0.007857349	0.000452733	0.001601348	0.000685939	0.000199286	0.003905966	0.162829598	1.46693460925e-05	0.000301395	9.89216651e-08
LBN	Lebanon	Middle East & North Africa	Lower middle income	4136.147	5489739	10.738	17.4	26.17	2019	19.29	2018	14.9	2018	11.77	2018	NA	NA	NA	NA	0.97454542	2005	4.318966712	2018	NA	NA	0	0	0.04134421	4.26622435188e-05	0	1.58532634922e-05	7.57510891422e-05	1.99256e-11	0.00045871	0.005557408	0.000498977	0.000444562	0.000631434	2.00263449507e-05	0	0.125411038	3.2052784747e-06	0.000214522	1.9144054e-09
LBR	Liberia	Sub-Saharan Africa	Low income	754.533	5302681	46.935	73.2	1.8	2022	7.94	2022	0.32	2022	0.011	2022	23.8087111	2020	0.07543354	2008	0.282875775	2004	0.011315031	2010	0.458258756	2010	0	0	0.023875197	0.079944689	4.2695752481e-06	0.000138352	0.000199175	7.52176121e-08	0	0.02423347	0.002369797	0.008747285	0.000575997	0.000338034	0.317617646	0.171557352	2.9666934616e-06	0.000452955	7.44094876e-08
LBY	Libya	Middle East & North Africa	Upper middle income	6716.096	6812341	18.698	10.3	21.57	2017	67.38	2017	6.2	2017	9.06	2017	NA	NA	NA	NA	NA	NA	NA	NA	NA	NA	0	0	0.043911221	0.083656814	0	2.649534057e-07	6.2800124986e-05	2.662434e-10	0.007027457	0.004361266	0.000314917	0.000235716	0.000552213	0	0	0.162156792	1.6152485694e-06	0.000161556	1.82598683e-08
LCA	St. Lucia	Latin America & Caribbean	Upper middle income	13030.928	179857	80.95	17.3	6.55	2017	32.22	2017	4.46	2017	1.75	2017	NA	NA	9.173954864	2001	NA	NA	NA	NA	NA	NA	0	9.7823174525e-06	0.014972515	0	0	0	7.366414346e-07	2.147512e-10	0	0.007305455	0.000806394	0.000746267	0.000641975	0.000150271	0	0.217063761	2.770540751e-07	0.000411804	2.46725e-11
LKA	Sri Lanka	South Asia	Lower middle income	3354.383	22181000	80.974	6.5	11.92	2021	24.39	2021	1.06	2021	1.05	2021	NA	NA	0.076642171	2021	0.902123439	2021	0.336774717	2021	1.217258014	2021	0	0	0.008870892	0	0	0	1.5491682125e-06	3.84921261e-08	0.00060052	0.007271574	0.001026693	0.000117658	0.000799622	0.0013023	0	0.302056518	3.0422787174e-06	0.000418925	5.7864161e-09
LSO	Lesotho	Sub-Saharan Africa	Lower middle income	969.936	2305825	70.057	72.2	1.51	2022	31.24	2018	0.87	2022	0.13	2022	39.8816042	2022	0.134442119	2022	0.889052725	2018	0.021684213	2022	NA	NA	0	0	0.03691397	0	0	1.13344227905e-05	7.11264470639e-05	2.43628972e-08	0	0.023779756	0.00151893	0.200786457	0.000573998	0	0	0.266680438	1.9002821958e-06	0.000280155	1.364191644e-07
LTU	Lithuania	Europe & Central Asia	High income	25064.809	2831639	31.535	3.5	51.27	2022	94.67	2022	13.29	2022	14.23	2022	NA	NA	NA	NA	NA	NA	6.886471051	2021	NA	NA	0	0	0.036353634	0	0	5.72459609e-08	5.31622636296e-05	1.50974e-11	0	0.002240132	0.000401596	0.000974345	0.000531982	0	0	0.177257752	4.37745936e-08	0.000221562	1.070955e-10
LUX	Luxembourg	Europe & Central Asia	High income	125006.022	653103	8.119	2.7	29.85	2017	120.8	2017	6.98	2017	9.74	2017	NA	NA	NA	NA	NA	NA	18.34320161	2017	NA	NA	0	2.6809335971e-05	0.010927362	0	0	2.5479327e-09	1.0668354744e-06	2.094227e-10	0	0.003072136	8.07128325149e-05	0.001298186	0.00082259	0	0	0.078102216	6.9279478e-09	9.28973398434e-05	7.575e-12
LVA	Latvia	Europe & Central Asia	High income	21779.504	1879383	31.46	3.2	33.77	2021	44.21	2021	8.83	2022	7.2	2021	NA	NA	NA	NA	NA	NA	5.214477305	2021	NA	NA	0	0	0.031923649	0	0	7.149606e-10	4.50511803e-08	1.7107762e-09	0	0.001294052	0.000375555	0.0030753	0.000538755	0	0	0.175592731	6.0433965e-09	0.000245636	4.1236782e-09
MAR	Morocco	Middle East & North Africa	Lower middle income	3441.991	37457971	35.404	17.3	7.32	2017	13.91	2017	2.6	2017	1.37	2017	0.283250793	2020	0.138555289	2017	0.158844696	2017	0.100646135	2004	NA	NA	0	0	0.028669807	0.011094863	0	4.6574139961e-06	4.27111656432e-05	2.700325e-10	0.002053999	0.00270278	0.000546337	0.000593684	0.000620963	0	0	0.183284261	7.8814481143e-06	0.000214845	1.07015161e-08
MCO	Monaco	Europe & Central Asia	High income	240862.182	36469	0	2.8	88.89	2020	208.3	2014	24.12	2020	9.49	2020	NA	NA	NA	NA	NA	NA	24.13008308	2019	NA	NA	0	0	0.01234248	0	0	3.6675863e-09	9.096632492e-07	1.3988681e-09	1.59246848201e-05	0.003550827	5.355734355e-05	0.000558634	0.00096894	0	0	0.07738407	1.17391596e-08	4.17688132649e-05	6.177322e-10
MDA	Moldova	Europe & Central Asia	Upper middle income	5714.43	2538894	56.827	14.2	32.46	2021	61.18	2020	5.41	2022	4.74	2022	0.898028827	2019	NA	NA	NA	NA	0.346607617	2019	NA	NA	0	0	0.036437299	0	0	0	1.18537982402e-05	2.31333e-11	0	0.001083564	0.000561115	0.00208494	0.000482525	0	0	0.202145794	3.7212292e-09	0.000347525	2.5628141e-09
MDG	Madagascar	Sub-Saharan Africa	Low income	516.593	29611714	60.118	65.8	1.77	2014	2.92	2018	0.009	2022	0.076	2022	14.05389772	2021	NA	NA	0.103337483	2018	NA	NA	NA	NA	0	0	0.03342898	0.104228009	0	8.0506481e-09	0.000400285	7.35323626e-08	0	0.02926343	0.002333784	0.001798782	0.000584735	2.09806648309e-05	0.05200873	0.219898181	7.6890667201e-06	0.000343165	2.79979518e-07
MDV	Maldives	South Asia	Upper middle income	11780.817	523787	58.464	5.6	21.61	2019	48.97	2020	6.84	2020	0.99	2020	4.276547528	2020	0.916403042	1996	8.152168725	2020	0.973678232	2020	0.01909173	2020	0	0	0.017378944	0	0	0	9.5546403249e-06	3.910948e-10	0	0.007709007	0.000416121	6.33802245868e-05	0.000662526	0.003059317	0	0.297773642	3.1976593202e-06	0.000295834	6.0694981e-09
MEX	Mexico	Latin America & Caribbean	Upper middle income	11496.523	127504125	18.7	12.8	25.59	2021	29.91	2021	0.5	2010	1.19	2021	NA	NA	NA	NA	NA	NA	NA	NA	0.297088428	2010	0	0.009593659	0.025968141	0	0	0	5.14886645062e-05	1.69133e-11	8.55275057666e-05	0.001913226	0.000158556	0.001791633	0.000625555	0.000679032	7.03122627581e-05	0.256198755	3.033647786e-07	0.000458709	5.89921e-11
MHL	Marshall Islands	East Asia & Pacific	Upper middle income	6225.179	41569	21.48	28.6	4.6	2012	42.39	2018	0.77	2012	1.57	2019	12.74988573	2010	NA	NA	NA	NA	0.721691645	2012	NA	NA	0	0	0.00026964	0	0	3.458145212e-07	2.01323732685e-05	2.7281153e-09	0	0.005607906	0.001035352	0.001327361	0.000668584	0.006322886	0	0.402469973	3.6311882e-08	0.000372789	1.667900744e-07
MKD	North Macedonia	Europe & Central Asia	Upper middle income	6591.471	2057679	40.882	4.6	29.64	2020	48.32	2020	5.24	2020	7.77	2020	NA	NA	NA	NA	NA	NA	2.084873297	2020	NA	NA	0	0	0.051829086	0	0	0	2.1338892005e-06	2.06694e-11	5.8992051392e-05	0.000326206	0.000310448	3.45519984841e-05	0.00043039	0	0	0.180975	3.2000684e-09	0.000172195	7.3329718e-09
MLI	Mali	Sub-Saharan Africa	Low income	833.297	22593590	54.563	93.8	1.95	2022	3.52	2022	0.76	2022	0.015	2018	1.461919066	2020	0.031867446	2010	0.012392896	2010	1.937717733	2010	NA	NA	0	0	0.023671094	0.039846639	1.0300314591e-06	0.000377734	0.000508069	1.232935374e-07	0.000316163	0.019021501	0.002182833	0.005417073	0.000650663	3.56185519004e-05	0.179624309	0.176475714	3.8336627166e-06	0.000385606	3.648052172e-07
MLT	Malta	Middle East & North Africa	High income	34127.511	531113	5.125	5.6	42.76	2021	85.08	2020	25.48	2021	6.61	2021	NA	NA	NA	NA	NA	NA	11.08991872	2020	NA	NA	0	0	0.00799373	0	0	2.3593908e-09	2.7220368108e-06	2.47162e-11	2.72105614941e-05	0.003842226	6.85947804723e-05	0.000734094	0.000912179	0	0	0.080875805	3.3242111e-09	4.35486441461e-05	5.053978e-10
MMR	Myanmar	East Asia & Pacific	Lower middle income	1149.211	54179306	68.229	40.1	7.51	2019	11.03	2019	0.79	2019	0.72	2019	0.429315208	2015	0.691777041	2015	0.294577417	2019	0.021779533	2004	0.231638257	2019	0	0	0.014812907	0	0	4.6869893641e-06	2.39947730056e-05	1.672249773e-07	0	0.006384266	0.000650292	0.004186525	0.000724282	4.80075256759e-05	0.007364668	0.380091695	1.2505444551e-05	0.000285358	1.335164628e-07
MNE	Montenegro	Europe & Central Asia	Upper middle income	10093.439	617213	31.836	2.7	27.52	2022	59.93	2022	2.38	2022	0.59	2022	NA	NA	NA	NA	NA	NA	2.624701683	2022	NA	NA	0	0	0.055577677	0	0	0	2.8596572487e-06	2.595498e-10	2.3864949198e-06	0.00031566	0.000325835	0.000152462	0.000458131	0	0	0.151158998	2.6935675e-08	0.000159264	5.7550962e-09
MNG	Mongolia	East Asia & Pacific	Lower middle income	5045.505	3398366	31.07	13.4	38.74	2021	42.22	2018	6.83	2018	4.09	2018	0.888662375	2016	2.877853651	2016	NA	NA	NA	NA	0.906317919	2016	0	0	0.03770667	0	0	0	1.36502727634e-05	1.93480023e-08	0	0.000432952	0.000821924	0.000122694	0.000497909	0	0	0.245264991	4.065748e-09	0.000310398	4.2808035e-08
MOZ	Mozambique	Sub-Saharan Africa	Low income	558.299	32969518	61.813	66.2	0.82	2022	5.12	2022	0.15	2022	0.11	2022	2.120746806	2022	0.093722935	2004	0.101609007	2022	0.034577394	2022	0.000909931	2022	0	0	0.047899605	0.032334011	0	2.75149399575e-05	0.000132409	1.570851689e-07	0	0.011425881	0.003490269	0.070841006	0.000609478	6.93348878683e-05	0.235393618	0.223388216	5.1343920657e-06	0.000341182	1.327151429e-07
MRT	Mauritania	Sub-Saharan Africa	Lower middle income	2065.156	4736139	43.077	39.2	2.36	2022	16.56	2022	0.18	2022	0.28	2022	NA	NA	0.010557123	2018	0.147799716	2009	0.040117066	2009	NA	NA	0	0	0.024713323	0.028865092	1.2926055106e-06	8.29927888915e-05	0.000449372	4.98968283e-08	0.000120875	0.022723176	0.00171672	8.83799937275e-05	0.000615707	2.58860164555e-05	0.00854487	0.149034768	4.3465455386e-06	0.000363941	9.32581149e-08
MUS	Mauritius	Sub-Saharan Africa	Upper middle income	10256.23	1262523	59.19	15	11.97	2022	30.01	2022	0.27	2022	2.71	2019	7.255313369	2022	0.205936842	2022	2.138574901	2022	0.776223483	2011	0.134651012	2011	0	0	0.009185441	0.33284666	0	9.125400154e-07	3.570534365e-06	1.73756e-11	0	0.005023279	0.000346056	0.002367588	0.000837232	0.000615519	0	0.326179129	2.9311440626e-06	0.000323357	2.177529e-10
MWI	Malawi	Sub-Saharan Africa	Low income	645.159	20405317	82.02	40.1	0.49	2022	5	2022	0.054	2022	0.045	2022	5.26676454	2022	0.268557455	2022	0.039695536	2022	0.078410936	2022	0.000980137	2022	0	0	0.045190943	0.01588012	0	5.7644629449e-05	0.000152348	1.655918391e-07	0.000129997	0.018133144	0.003115015	0.061371516	0.000575439	1.86922453216e-05	0.147436143	0.124345886	8.8595755353e-06	0.000358925	8.66203496e-08
MYS	Malaysia	East Asia & Pacific	Upper middle income	11993.188	33938221	21.786	7.8	23.16	2021	33.94	2019	3.38	2015	3	2018	NA	NA	1.459121856	2012	1.815357381	2012	0.401022788	2015	3.602428071	2010	0	0	0.018136215	0	0	6.8008619994e-06	6.49958673799e-05	5.317945e-10	0	0.011517073	0.000403965	0.001593798	0.000731959	0.001607163	1.429198964e-06	0.312611197	3.7092948097e-06	0.000322406	1.21879142e-08
NAM	Namibia	Sub-Saharan Africa	Upper middle income	5031.115	2567012	46.044	37.9	5.43	2022	33.55	2022	2.55	2022	0.81	2022	8.928668818	2018	0.954417042	2022	0.385662397	2020	0.560963486	2022	NA	NA	0	0	0.035917762	0.179043144	0	2.241610617e-07	5.71293321882e-05	1.39163472e-08	0.000139754	0.025344398	0.000951826	0.087393327	0.000587455	0	0.002636973	0.20337142	1.279606351e-06	0.000236434	4.10281694e-08
NER	Niger	Sub-Saharan Africa	Low income	585.405	26207977	83.106	117.3	0.23	2022	2.02	2022	0.016	2022	0.009	2022	0.854320042	2022	0.051892597	2022	0.164835309	2018	0.002670943	2008	NA	NA	0	0	0.015643236	0.0058017	5.462267205e-06	0.000147229	0.000692918	1.831508596e-07	0.000546684	0.017156235	0.003549459	0.001479567	0.000663035	2.1602100066e-05	0.200793043	0.18417682	7.4234324314e-06	0.000386373	7.301649735e-07
NGA	Nigeria	Sub-Saharan Africa	Lower middle income	2162.634	218541212	46.479	107.2	3.94	2022	16.82	2022	0.84	2022	0.23	2022	7.068552361	2022	0.933096317	2022	1.685402934	2022	0.287451504	2022	0.001464255	2019	0	0	0.022109477	0.195128892	3.0795343796e-06	9.85885030193e-05	0.000627467	1.561196343e-07	7.68680149669e-05	0.014829162	0.003041071	0.009890065	0.000619336	0.000450879	0.220856349	0.17245638	1.08854046531e-05	0.000318034	2.0477420562e-06
NIC	Nicaragua	Latin America & Caribbean	Lower middle income	2255.426	6948392	40.444	15.2	6.64	2018	15.3	2017	1.84	2014	0.39	2018	NA	NA	5.892010698	2014	NA	NA	0.293593108	2018	NA	NA	0	0.006409913	0.022806248	0	0	0	1.3557756615e-06	3.7605e-12	0.012677949	0.002950234	0.00034019	0.001211355	0.000591058	0.00069945	0.006356867	0.224009216	1.77357893e-08	0.000652631	3.6625216e-09
NLD	Netherlands	Europe & Central Asia	High income	57025.012	17700982	7.114	3.9	39.06	2021	116.6	2021	2.18	2021	5.73	2021	NA	NA	NA	NA	NA	NA	19.53055486	2021	3.137679028	2016	0	4.50938733397e-05	0.014476156	0	0	0	4.5989835941e-06	6.61123e-11	0	0.009687588	4.52256414868e-05	0.001202838	0.000873266	0	0	0.072622802	2.6861233e-09	5.71123880575e-05	7.554161e-10
NOR	Norway	Europe & Central Asia	High income	108729.187	5457127	16.336	2.2	51.68	2021	188.9	2021	9.14	2021	9.29	2021	NA	NA	NA	NA	NA	NA	25.07363307	2021	NA	NA	0	0	0.006237718	0	0	8.19289e-11	2.1653410447e-06	4.9144323e-09	0	0.005469622	0.000394413	0.000801269	0.00088084	0	0	0.078124064	2.15422553e-08	7.3747779119e-05	7.888109e-10
NPL	Nepal	South Asia	Lower middle income	1336.546	30547580	78.549	27.3	8.67	2021	34.89	2021	1.71	2021	1.36	2021	16.77383282	2020	0.000654716	2021	10.75076978	2021	0.693999328	2021	0.277599731	2021	0	0	0.037583329	0	0	3.61298268624e-05	0.000133513	6.184679214e-07	0.000173107	0.006755263	0.000486606	0.000936406	0.000594458	0.000544172	0.000969229	0.264504155	1.49452910553e-05	0.001359866	1.93362971e-08
NRU	Nauru	East Asia & Pacific	High income	11970.938	12668	0	26.5	12.5	2015	70.59	2018	1.79	2015	3.31	2019	13.41964004	2015	5.525734133	2011	3.157562362	2015	0.78939059	2015	NA	NA	0	0	0.006670758	0	0	7.9915886302e-06	2.7656285747e-06	3.9157799e-09	0	0.007145055	0.000959422	0.001251206	0.000680886	0.000656655	0	0.370016458	3.61066918e-08	0.000249756	9.16661705e-08
NZL	New Zealand	East Asia & Pacific	High income	48418.592	5124100	13.116	4.6	35.74	2022	117.4	2022	7.01	2022	5.04	2022	NA	NA	NA	NA	6.307449113	2013	11.78353272	2021	NA	NA	0	0	0.000200222	0	0	0	9.938414088e-07	9.30324e-11	0	0.002467931	0.000305218	0.000689424	0.000585661	0	0	0.123505833	6.3594995e-09	0.000122551	1.76774e-11
OMN	Oman	Middle East & North Africa	High income	25056.795	4576298	12.25	10.5	20.58	2022	48.17	2022	7.24	2022	3.71	2022	NA	NA	0.393331029	2022	5.631189228	2022	0.878439297	2013	NA	NA	0	0	0.01683793	0.0210524	0	2.96423586e-08	1.19669631477e-05	2.4915e-12	0.000150153	0.003143186	0.00044716	0.000419656	0.000540309	1.30764857414e-05	0.000284849	0.128542556	2.7846585315e-06	0.000210246	2.6821759e-09
PAK	Pakistan	South Asia	Lower middle income	1588.88	235824862	62.269	61	10.84	2019	4.69	2019	1.51	2019	1.2	2019	0.76365994	2019	0.885869277	2015	0.074250017	2004	0.009328957	2004	3.002100771	2015	0	0	0.026829063	0	0	2.3089883159e-05	0.000216004	1.055232391e-07	0.001474126	0.013554533	0.002053449	0.000663527	0.000595151	0.000687576	0.006884018	0.15570682	2.09478868524e-05	0.001344996	7.30295011e-08
PAN	Panama	Latin America & Caribbean	High income	17357.629	4408581	30.859	13.3	17.34	2021	37.53	2021	2.3	2021	2.88	2021	0.358391963	2021	0.043097768	2021	3.030453563	2021	0.973102229	2021	NA	NA	0	0.005148398	0.012845285	0	1.529190652e-07	0	0.000127145	8.40463e-11	0.012836318	0.007456264	0.000301402	0.005104525	0.000631184	0.000736278	0.002732332	0.198709386	1.52468944e-08	0.000381559	2.7493e-10
PER	Peru	Latin America & Caribbean	Upper middle income	7125.83	34049588	21.292	15.1	16.21	2022	26.55	2022	1.51	2022	2.08	2022	NA	NA	0.054332522	2022	2.036147985	2022	0.437009693	2022	0.443470858	2007	0	0.005547742	0.02282116	0	7.330135137e-07	0	0.000297705	4.25359e-11	0.00595336	0.004329209	0.000200886	0.002231607	0.000613939	0.000364971	0.003088788	0.124196734	6.808593152e-07	0.000287559	5.31947e-09
PHL	Philippines	East Asia & Pacific	Lower middle income	3498.51	115559009	52.023	27.5	7.86	2021	47.55	2021	4.7	2021	2.49	2021	21.51143404	2019	0.236848691	2015	5.134433093	2021	1.38699701	2021	NA	NA	0	0	0.023547556	0.005762243	0	5.504734456e-07	6.77789581873e-05	8.8954004e-08	0	0.006400176	0.00049361	0.003055545	0.000718484	0.000689525	8.41392383647e-05	0.406714868	9.4874070038e-06	0.000555633	8.59985035e-08
PLW	Palau	East Asia & Pacific	Upper middle income	12921.827	18055	18.044	22.3	17.78	2020	65	2020	2.78	2020	3.33	2020	6.092495154	2020	6.646358349	2020	7.754084741	2020	NA	NA	NA	NA	0	0	7.76140846099e-05	0	0	4.22379355453e-05	4.658106211e-06	7.060795e-10	0	0.005989876	0.000720225	0.001437941	0.000786758	0.00197764	0	0.368115296	3.88750525e-08	0.000284856	3.11597294e-08
PNG	Papua New Guinea	East Asia & Pacific	Lower middle income	3115.923	10142619	86.418	41.4	0.63	2021	5.11	2021	0.079	2021	0.049	2021	6.595929513	2021	NA	NA	0.294795654	2021	0.054226625	2021	NA	NA	0	0	0.02104161	0	0	2.02630166904e-05	6.55502043004e-05	4.4879083e-09	0	0.01132639	0.001817764	0.005414177	0.000691958	1.99283889057e-05	0.071909424	0.389220705	1.396638488e-07	0.000365962	1.3422269453e-06
POL	Poland	Europe & Central Asia	High income	18688.004	36821749	39.866	4.4	33.91	2021	63.41	2021	7.42	2021	9.1	2021	NA	NA	NA	NA	NA	NA	9.084576618	2021	NA	NA	0	0	0.029160845	0	0	1.02763364e-08	1.296672669e-06	9.3928e-12	0	7.29700720003e-05	9.32451246252e-05	0.000408051	0.000566206	0	0	0.172468386	2.4288621e-09	3.93261967031e-05	1.263316e-10
PRK	"Korea, Dem. People's Rep."	East Asia & Pacific	Low income	NA	26069416	37.084	17	36.71	2017	44.34	2017	3.96	2017	2.19	2017	NA	NA	1.02994252	2003	NA	NA	NA	NA	NA	NA	0	0	0.000120253	0	0	1.0111099e-09	2.4051148961e-06	2.51310986e-08	0	0.009653187	0.000745087	0.000894089	0.000804658	0	0.001261069	0.392620935	1.2908777609e-06	0.000740336	1.5125841e-08
PRT	Portugal	Europe & Central Asia	High income	24515.266	10409704	32.619	3.2	57.67	2021	77.89	2021	9.84	2021	11.82	2021	NA	NA	NA	NA	NA	NA	1.39869491	2018	1.300709415	2016	0	0.000250799	0.010972321	0	0	0	1.3266650259e-06	2.12015e-11	2.13907210232e-05	0.002147793	3.36745787242e-05	0.004352126	0.000916715	0	0	0.08343384	8.6714838e-09	2.02402774538e-05	3.476293e-10
PRY	Paraguay	Latin America & Caribbean	Upper middle income	6153.056	6780744	37.182	17.4	38.82	2022	93.81	2022	6.71	2022	13.37	2022	1.606018455	2021	0.141577384	2022	8.617048513	2022	8.549209349	2022	NA	NA	0	0.004670537	0.032282382	0	4.053632122e-07	0	2.76075019666e-05	1.42822e-11	0.001553214	0.001891725	0.00032725	0.001297354	0.000592093	0.001549969	0	0.210338341	1.5415986009e-06	0.000185936	6.4349798e-09
PSE	West Bank and Gaza	Middle East & North Africa	Upper middle income	3789.328	5043612	22.709	14.3	21.68	2018	19.53	2018	11.3	2018	7.22	2018	NA	NA	NA	NA	NA	NA	NA	NA	NA	NA	0	0	0.039324263	0	0	2.285362576e-06	1.78454588199e-05	8.88425e-11	0.000696913	0.002493672	0.000492689	9.84872413702e-05	0.000592649	1.2878050673e-05	0	0.130829992	1.9134605881e-06	0.000251332	4.1579208e-09
QAT	Qatar	Middle East & North Africa	High income	87661.45	2695122	0.682	5.2	24.99	2018	72.36	2018	8.94	2018	6.2	2019	NA	NA	NA	NA	1.870045215	2006	0.411855196	2006	NA	NA	0	0	0.018620551	0	0	9.390898622e-07	3.0406378657e-06	1.36044e-11	0	0.002207613	0.000248651	5.17807311803e-05	0.000502609	0	0	0.12278214	2.4789650305e-06	0.000105096	1.2318174e-09
ROU	Romania	Europe & Central Asia	High income	15786.802	19047009	45.511	6.8	34.71	2021	80.73	2021	11.06	2021	10.24	2021	8.489521898	2011	2.420327517	2011	NA	NA	1.27264076	2021	0.277733895	2016	0	5.858689047e-07	0.03160465	0	0	3.2538241e-09	1.3447479883e-06	1.58462e-11	4.18931791e-08	0.000195301	0.00022515	0.000806724	0.000470442	0	0	0.172698787	2.33948422e-08	0.000187389	1.712995e-10
RUS	Russian Federation	Europe & Central Asia	Upper middle income	15270.706	144236933	24.874	4.8	38.27	2020	62.42	2020	0.4	2020	2.8	2020	NA	NA	5.027491814	2000	NA	NA	0.315106534	2020	NA	NA	0	0	0.046101289	0	0	1.692539e-10	8.3018858264e-06	6.068622e-10	0	0.001792428	0.000397424	0.007911121	0.000506162	0	0	0.18407957	2.08744709e-08	0.000231898	7.326624e-10
RWA	Rwanda	Sub-Saharan Africa	Low income	966.232	13776698	82.279	38	1.16	2019	9.33	2019	0.71	2018	0.18	2018	42.51163813	2020	0.145898531	2017	1.444468043	2018	0.163319251	2018	NA	NA	0	0	0.023796343	0.02447184	6.042221367e-07	2.15345762686e-05	9.20035682087e-05	8.39197088e-08	0	0.01490308	0.002169296	0.01966651	0.000590299	7.252012482e-06	0.018436478	0.209060715	5.5510544937e-06	0.000339829	5.56056244e-08
SAU	Saudi Arabia	Middle East & North Africa	High income	30447.884	36408820	15.271	6.4	30.77	2022	55.09	2022	9.35	2022	6.56	2022	1.27084591	2018	NA	NA	3.310186927	2018	1.156313223	2018	NA	NA	0	0	0.004668975	0.016544448	0	9.418077331e-07	3.05686292481e-05	1.49011e-11	0.004319701	0.004567451	0.000251152	0.000370119	0.000521105	2.8658108863e-06	2.79632330478e-05	0.169716492	2.5588086043e-06	0.000149892	6.0079073e-09
SDN	Sudan	Sub-Saharan Africa	Low income	1102.146	46874204	64.044	51.6	2.63	2017	11.4	2018	0.25	2017	2.13	2015	1.006097085	2004	0.618037162	2006	0.007466793	2004	0.04416075	2004	NA	NA	0	0	0.017807669	0.008392669	4.3648521471e-06	8.3941583251e-06	0.000179199	2.995372e-10	0.00509183	0.010305791	0.00083327	0.00266487	0.000587511	1.02515519295e-05	0.045141342	0.166398842	3.8200229701e-06	0.000222275	7.05490587e-08
SEN	Senegal	Sub-Saharan Africa	Lower middle income	1598.726	17316449	50.914	37	1.26	2022	4.35	2022	0.2	2022	0.13	2022	10.83189746	2022	0.366125873	2022	0.250628752	2021	0.051973704	2022	0.018479539	2013	0	0	0.037742608	0.110530549	8.910629096e-07	0.000104405	0.000176207	8.62522154e-08	6.18847193516e-05	0.017724852	0.003192071	0.003597583	0.000602414	4.24612674913e-05	0.019998322	0.176016481	6.6487434001e-06	0.000385546	6.34541609e-08
SGP	Singapore	East Asia & Pacific	High income	82807.629	5637022	0	2.2	25.96	2021	61.82	2017	5.03	2016	4.06	2018	NA	NA	NA	NA	NA	NA	3.003358866	2016	5.08779281	2016	0	0	0.003145604	0	0	5.0640053e-09	6.166340436e-07	3.18515e-11	0	0.000139871	4.81435344305e-05	0.000691789	0.000992544	0.005374927	0	0.171278459	4.4109875e-09	5.76505458793e-05	1.39458e-11
SLB	Solomon Islands	East Asia & Pacific	Lower middle income	2205.252	724273	74.416	18.3	1.91	2016	21.44	2018	1.18	2016	0.74	2019	NA	NA	2.485250727	2013	NA	NA	0.345173712	2013	NA	NA	0	0	8.01571269611e-05	0	0	6.92938101591e-05	1.89179528805e-05	4.6221446e-09	0	0.008043444	0.000965733	0.001209186	0.000681532	0.000655233	0.083718299	0.386364579	5.37389311e-08	0.000364191	1.264904533e-07
SLE	Sierra Leone	Sub-Saharan Africa	Low income	475.796	8605718	56.169	100.8	0.43	2022	11.19	2022	0.1	2022	0.007	2022	16.22874466	2020	0.189408949	2022	0.132470062	2020	0.006972109	2020	NA	NA	0	0	0.00785571	0.018645297	4.2190058557e-06	1.80148179139e-05	0.000242555	8.78193387e-08	0	0.019564592	0.003021798	0.008421316	0.000604587	0.000317914	0.267883945	0.185870254	1.338726834e-06	0.00039898	1.833187497e-07
SLV	El Salvador	Latin America & Caribbean	Upper middle income	5127.322	6336392	25.233	11.9	15.52	2022	21.6	2022	1.24	2022	1.54	2022	4.82766849	2022	2.091095374	2016	3.116915746	2008	0.699136038	2022	0.236727778	2007	0	0.006058103	0.015548148	0	0	0	7.0504090819e-06	2.83817e-11	0.00253745	0.003440351	0.000312963	0.002047368	0.000629379	0.000937432	0	0.21799075	1.552953881e-07	0.000493356	7.746752e-09
SMR	San Marino	Europe & Central Asia	High income	54982.452	33660	2.268	1.5	60.18	2014	80.84	2014	6.59	2014	17.54	2018	NA	NA	NA	NA	NA	NA	5.644682115	2014	NA	NA	0	0	0.02238259	0	0	3.433262e-09	5.6759935761e-06	1.669462e-10	0	0.003554657	8.54812381408e-05	0.000564624	0.000904279	0	0	0.075988364	4.657266e-09	0.000115124	5.882414e-10
SOM	Somalia	Sub-Saharan Africa	Low income	592.103	17597511	52.676	106.1	0.23	2014	1.13	2014	NA	NA	NA	NA	0.872282449	2020	0.023298749	2005	NA	NA	0.009092195	2005	NA	NA	0	0	0.029846439	0.018766291	4.8399581873e-06	0.000541999	0.001294172	1.949820558e-07	0.000184986	0.012702501	0.006144203	0.001781038	0.000636301	2.43316366547e-05	0.032176194	0.179704867	2.68090555283e-05	0.000481538	5.4807150528e-06
SRB	Serbia	Europe & Central Asia	Upper middle income	9537.683	6664449	43.127	5.1	28.37	2021	59.33	2020	1.48	2020	2.26	2020	1.330942738	2016	2.013669847	2016	NA	NA	4.220904084	2020	NA	NA	0	0	0.036912692	0	0	3.1340391e-09	2.061810865e-06	6.7044e-11	1.107487624e-07	0.000456847	0.000228157	5.61702205453e-05	0.000447898	0	0	0.1616802	1.74767238e-08	0.000209256	6.4726346e-09
SSD	South Sudan	Sub-Saharan Africa	Low income	1071.778	10913164	79.154	98.8	0.43	2020	7.12	2020	0.13	2020	0.026	2020	2.589533155	2020	0.009163245	2020	0.581866084	2020	0.01007957	2019	NA	NA	0	0	0.015463165	0.055411447	4.6927958764e-06	2.12770165271e-05	0.000732898	1.223246294e-07	0.000250471	0.02975503	0.006484522	0.012567791	0.000621235	5.816763663e-07	0.206868569	0.212343743	1.72435076446e-05	0.000286142	1.191068849e-06
STP	S‹o TomŽ and Pr’ncipe	Sub-Saharan Africa	Lower middle income	2386.696	227380	24.245	14.5	4.89	2019	21.53	2019	1.72	2019	0.28	2019	6.59688627	2004	0.395813176	2004	NA	NA	0.175916967	2004	NA	NA	0	0	0.014912685	7.6588860394e-06	1.2733554787e-06	2.5053508704e-05	0.000112551	4.38741263e-08	0	0.007404934	0.000945147	0.000113812	0.000567958	0.000483666	0.007374683	0.154984011	7.0204465296e-06	0.000581818	1.99513068e-08
SUR	Suriname	Latin America & Caribbean	Upper middle income	5858.825	618040	33.693	16.6	14.78	2021	29.54	2021	0.82	2021	0.7	2021	2.087243544	2021	NA	NA	NA	NA	0.841369491	2021	NA	NA	0	7.37239182423e-05	0.028006243	0.094833543	8.680650227e-07	0	2.0582906883e-06	1.897624e-10	0.015681348	0.004395458	0.000782405	0.007540244	0.000627119	0.000180936	0.001973602	0.24621326	6.059840946e-07	0.000394638	2.30451224e-08
SVK	Slovak Republic	Europe & Central Asia	High income	21256.808	5431752	46.091	5.9	36.8	2021	60.43	2021	8.48	2021	5.28	2021	0.184102662	2013	NA	NA	0.097574411	2013	3.936114904	2021	NA	NA	0	0	0.029556399	0	0	0	1.5152576086e-06	3.79518e-11	0	0.000156766	0.000293202	4.29891788747e-05	0.000462564	0	0	0.161547307	2.9556435e-09	0.000188201	3.9769022e-09
SVN	Slovenia	Europe & Central Asia	High income	28439.334	2111986	44.249	2.3	33.26	2021	105.9	2021	7.37	2021	7.44	2021	NA	NA	NA	NA	NA	NA	7.656300752	2021	NA	NA	0	0	0.023041188	0	0	1.308922e-09	1.1711395904e-06	1.972966e-10	3.50211894269e-05	0.000383958	0.000329672	0.000137527	0.000411132	0	0	0.122311851	3.06280336e-08	0.000174425	1.880923e-10
SWE	Sweden	Europe & Central Asia	High income	56424.285	10486941	11.508	2.5	71.52	2021	217	2021	16.18	2021	17.7	2021	NA	NA	NA	NA	NA	NA	13.15350206	2020	NA	NA	0	0.000114335	0.009282663	0	0	4.373957e-10	1.13006073903e-05	2.40767e-10	0	0.005828109	0.000206374	0.000519915	0.000769202	0	0	0.163366315	3.94104352e-08	0.000212197	1.8714936e-09
SWZ	Eswatini	Sub-Saharan Africa	Lower middle income	3986.887	1201670	75.424	50	15.91	2022	31.82	2022	0.41	2020	0.19	2020	44.8209575	2020	0.657418426	2020	3.079048324	2018	0.083217522	2020	NA	NA	0	0	0.032544745	0.026499096	0	5.60093207618e-05	7.49689670432e-05	1.92648606e-08	0	0.024758442	0.000783306	0.186311468	0.000580285	0	0.000437376	0.227199777	1.2366438378e-06	0.000219512	9.20324728e-08
SYC	Seychelles	Sub-Saharan Africa	High income	13250.456	119878	41.604	14.5	38.19	2022	72.74	2022	3.27	2022	4.11	2022	NA	NA	6.423196917	2004	5.922688066	2018	1.668362836	2021	NA	NA	0	0	0.030782094	0	0	4.776395427e-07	3.8401890498e-06	2.255075e-10	0	0.004582027	0.000430395	0.000513331	0.000783204	0.007500657	0	0.331977992	4.3489066273e-06	0.000254165	1.28199789e-08
SYR	Syrian Arab Republic	Middle East & North Africa	Low income	420.623	22125249	43.231	21.4	11.86	2016	14.19	2016	9.82	2016	6.61	2016	NA	NA	NA	NA	NA	NA	NA	NA	NA	NA	0	0	0.006108998	0.015880888	0	2.9398695972e-06	0.000116701	6.221301e-10	0.04928147	0.004757313	0.001000069	3.68625729595e-05	0.000593937	2.3070078099e-06	0	0.139977105	3.5226736445e-06	0.00028615	2.96022133e-08
TCD	Chad	Sub-Saharan Africa	Low income	716.804	17723315	75.937	102.9	0.85	2022	2.1	2022	0.092	2022	0.012	2022	4.557273851	2021	0.054165939	2019	0.580026931	2022	0.010156114	2019	12.40343581	2022	0	0	0.016770529	0.028369453	3.0305453222e-06	0.000261042	0.000963019	1.590500453e-07	0.000133899	0.021248433	0.004502905	0.007269842	0.000671493	2.71455718285e-05	0.117749338	0.195012361	1.16934807581e-05	0.000329485	2.2291502404e-06
TGO	Togo	Sub-Saharan Africa	Low income	942.65	8848699	56.079	60.4	0.83	2022	5.08	2022	0.29	2022	0.02	2022	8.475822265	2021	0.520980542	2022	0.504028897	2021	0.206810063	2022	NA	NA	0	0	0.026061069	0.016435958	4.816586278e-07	7.86342019624e-05	0.000460951	8.82582946e-08	0	0.019018247	0.003321474	0.01360582	0.000590973	0.000313584	0.16428191	0.180125033	5.4583769702e-06	0.000408515	1.259021933e-07
THA	Thailand	East Asia & Pacific	Upper middle income	6909.956	71697030	47.111	8.1	9.28	2020	30.78	2019	6.16	2019	2.55	2019	5.568989399	2019	0.155794459	2016	NA	NA	0.607417072	2018	0.294712347	2016	0	0	0.006616691	0	0	4.970252999e-07	1.3942021753e-06	2.7238547e-09	2.40608022666e-05	0.008556881	0.00052384	0.00712406	0.000879878	0.000380255	0.000988398	0.29350944	3.6758515206e-06	0.000374256	2.13732258e-08
TJK	Tajikistan	Europe & Central Asia	Lower middle income	1054.189	9952787	72.032	30.3	21.33	2021	53.72	2020	2.62	2020	1.63	2020	NA	NA	NA	NA	NA	NA	0.187887071	2020	NA	NA	0	0	0.031966437	0	0	3.66290426e-08	3.87730652532e-05	1.019404e-10	0.001553357	0.004719301	0.001554001	0.000599115	0.00050778	0	0	0.253351808	1.05764743e-08	0.000355363	5.18481762e-08
TKM	Turkmenistan	Europe & Central Asia	Upper middle income	8792.549	6430770	46.506	40.4	21.44	2021	39.16	2021	1.68	2021	1.39	2021	NA	NA	NA	NA	NA	NA	0.192822943	2021	NA	NA	0	0	0.034138703	0	0	0	2.8706061498e-06	3.015835e-10	0.008706334	0.001436966	0.000649907	0.000611736	0.000486204	0	0	0.235649911	1.184807369e-07	0.000298137	1.071589e-10
TLS	Timor-Leste	East Asia & Pacific	Lower middle income	2389.296	1341296	67.926	48.6	7.67	2020	17.73	2020	2.12	2020	0.023	2020	33.17686775	2020	0.12674309	2020	0.007455476	2020	0.201297849	2020	NA	NA	0	0	0.016186811	0	0	8.28603241e-08	4.07939157709e-05	6.3793652e-08	0	0.010477568	0.000696914	0.002056794	0.000687117	0.000136811	0	0.358515858	1.53309607597e-05	0.000348775	1.700911394e-07
TON	Tonga	East Asia & Pacific	Upper middle income	4425.971	106858	76.875	10.9	10.09	2021	41.79	2021	0.76	2021	1.43	2020	NA	NA	2.433135563	2013	0.842239233	2020	0.280746411	2020	NA	NA	0	0	0.000265027	0	0	2.6366520409e-06	9.46496078e-07	5.4804662e-09	0	0.009258423	0.001658303	0.001521216	0.000754867	0.008955015	0	0.326200511	3.24299141e-08	0.000385873	2.13289329e-08
TTO	Trinidad and Tobago	Latin America & Caribbean	High income	19629.465	1531044	46.66	15.4	41.93	2020	37.34	2019	6.13	2018	2.92	2019	NA	NA	NA	NA	3.37024932	2019	0.529050765	2018	NA	NA	0	2.38267324386e-05	0.018487821	0	1.144385897e-07	0	1.5340634718e-06	5.40395e-10	0	0.003596747	0.000461408	0.007248346	0.000657303	0.000356232	0	0.213955035	3.24462916e-07	0.000265976	5.047392e-10
TUN	Tunisia	Middle East & North Africa	Lower middle income	3747.419	12356117	29.786	11.5	12.92	2021	21.23	2021	2.38	2021	3.62	2021	NA	NA	0.134346413	2004	0.289735036	2004	0.971178891	2004	NA	NA	0	0	0.044277738	0.013270834	0	5.75074225e-08	2.82268488049e-05	1.898692e-10	0.009384986	0.00492798	0.00052325	0.000221347	0.000642058	0	0	0.141545964	1.5934789905e-06	0.000218486	2.0049847e-09
TUR	Turkey	Europe & Central Asia	Upper middle income	10674.504	84979913	22.978	9.6	21.65	2021	34.25	2021	4.39	2021	4.7	2021	NA	NA	0.342316189	2021	1.005767092	2021	0.895505741	2021	NA	NA	0	0	0.022747371	0	0	1.7859722553e-06	3.29554610648e-05	7.884837e-10	0.001206677	0.003626791	0.000133753	6.66827158314e-05	0.000626883	0	0	0.183672667	1.5349937847e-06	0.000213153	2.8345002e-09
TUV	Tuvalu	East Asia & Pacific	Upper middle income	5221.533	11312	34.473	20.4	12.61	2020	36.94	2020	1.8	2020	0.9	2020	NA	NA	0.884016973	2020	NA	NA	2.652050919	2020	NA	NA	0	0	0.006707415	0	0	6.08769807828e-05	1.10813591336e-05	6.8006723e-09	0	0.006789005	0.001065051	0.00133827	0.000730717	0.000273925	0	0.381213777	6.02409287e-08	0.000368569	6.28806899e-08
TZA	Tanzania	Sub-Saharan Africa	Lower middle income	1192.766	65497748	63.318	40.5	1.33	2022	5.5	2018	0.27	2022	0.089	2022	3.166063053	2022	0.100308792	2022	0.182907052	2022	0.080308105	2022	NA	NA	0	0	0.031415316	0.071673043	6.262379435e-07	0.000165647	0.00025338	1.061568608e-07	0	0.014442478	0.002079955	0.041564277	0.000607977	1.02306144217e-05	0.069427883	0.128467938	4.1082072581e-06	0.000312081	9.60072747e-08
UGA	Uganda	Sub-Saharan Africa	Low income	964.396	47249585	73.841	40.5	1.68	2022	22.68	2022	0.36	2022	0.31	2022	37.88393062	2019	0.090159522	2022	0.700323611	2022	0.121059264	2022	1.149216443	2005	0	0	0.02386754	0.085453555	1.0396095742e-06	1.26763161604e-05	0.000469219	7.04013513e-08	0.000106003	0.018007453	0.002372371	0.036818891	0.000613443	3.0349097239e-05	0.19288331	0.343848183	5.0138434418e-06	0.000297673	1.580526859e-07
UKR	Ukraine	Europe & Central Asia	Lower middle income	4533.976	3.8e+07	30.081	8.5	29.9	2014	66.56	2014	0.34	2014	5.97	2014	NA	NA	NA	NA	NA	NA	3.866315789	2014	NA	NA	0	0	0.038632429	0	0	8.5907347e-09	1.02350744262e-05	1.1861472e-09	0	0.001673968	0.00075088	0.007674561	0.000494686	0	0	0.213471581	8.5781526e-09	0.000460659	5.5356397e-09
URY	Uruguay	Latin America & Caribbean	High income	20795.042	3422794	4.312	6.6	46.3	2022	73.17	2022	0.64	2022	2.47	2022	NA	NA	0.049667026	2022	1.755875463	2008	2.170741213	2022	0.400257801	2016	0	0.005743691	0.014383247	0	0	2.09452888e-08	7.2309349975e-06	1.28304e-11	0	0.001753405	0.000173606	0.003542424	0.000767364	0	0	0.170682427	7.4590235e-09	0.000191158	1.683675e-10
USA	United States	North America	High income	76329.582	333287557	16.916	6.3	36.08	2021	118.8	2022	9.62	2022	5.99	2022	NA	NA	NA	NA	10.10064711	2020	6.893146629	2022	NA	NA	0	0.000763817	0.015000855	0	0	4.4354772e-09	1.7879680786e-05	7.89734e-10	1.3021839438e-06	0.000138578	9.50802264656e-05	0.005450014	0.000835574	2.533446577e-07	0	0.135146783	1.51024347e-08	2.9441335313e-05	3.7638552e-09
UZB	Uzbekistan	Europe & Central Asia	Lower middle income	2255.151	35648100	49.534	13.3	28.05	2021	57.56	2020	0.51	2020	1.1	2020	NA	NA	NA	NA	NA	NA	0.063678008	2020	NA	NA	0	0	0.021540722	0	0	8.3394374e-09	2.48322030575e-05	1.7510045e-09	0.001012231	0.000609247	0.000651393	0.00075628	0.000496878	0	0	0.233983863	1.10437515e-08	0.000474229	1.266548e-10
VCT	St. Vincent and the Grenadines	Latin America & Caribbean	Upper middle income	9125.325	103948	46.125	10.9	9.44	2012	73.41	2018	3.2	2004	1.67	2012	4.329087621	2000	1.34682726	2004	NA	NA	NA	NA	NA	NA	0	6.910014291e-07	0.010305995	0	0	0	3.353824255e-07	5.330586e-10	0	0.004936057	0.000788371	0.002791626	0.000633787	0.000205764	0	0.228288321	2.072005215e-07	0.000352579	8.472023e-10
VEN	Venezuela	Latin America & Caribbean		15975.729	28301696	11.622	24.2	16.64	2017	20.01	2018	NA	NA	1.35	2017	NA	NA	NA	NA	NA	NA	NA	NA	NA	NA	0	0.017939786	0.020553862	0.028948739	1.056748491e-07	0	5.73486877168e-05	8.3335e-12	0.002536497	0.007216737	0.000511278	0.003713464	0.000648619	0.000627683	0.010798724	0.237376468	5.22545744e-08	0.000496376	8.69755e-11
VNM	Vietnam	East Asia & Pacific	Lower middle income	4163.514	98186856	61.234	20.3	8.33	2016	14.54	2016	3.41	2016	NA	NA	NA	NA	NA	NA	NA	NA	NA	NA	1.318710113	2009	0	0	0.006371605	0	0	2.0572193974e-06	1.62959426116e-05	2.22339936e-08	0	0.007846324	0.000303138	0.002561727	0.000757446	0.000680464	0.000265563	0.448896593	4.6172171847e-06	0.000622576	2.25144144e-08
VUT	Vanuatu	East Asia & Pacific	Lower middle income	3231.351	326740	74.184	18.2	1.58	2019	14	2019	1.13	2012	0.3	2019	6.488339352	2008	0.306053743	2007	1.805717084	2012	0.091816123	2012	NA	NA	0	0	0.000535785	0	0	0.000296969	1.94263696052e-05	4.0602813e-09	0	0.009280599	0.001352299	0.001219206	0.000688947	0.000484585	0.005333633	0.385988538	7.20269405e-08	0.000373402	1.031967146e-07
WSM	Samoa	East Asia & Pacific	Lower middle income	3745.56	222382	82.384	16.1	5.48	2021	30.15	2020	0.23	2020	0.88	2020	NA	NA	2.203415744	2020	0.539612019	2020	0.134903005	2020	NA	NA	0	0	5.56583715716e-05	0	0	2.6908836363e-06	4.8481239624e-05	6.0644357e-09	0	0.008671481	0.001041276	0.001224904	0.000732178	0.000345789	0	0.333379243	5.86834679e-08	0.000333389	1.560350682e-07
YEM	"Yemen, Rep."	Middle East & North Africa	Low income	650.272	33696614	60.812	41.3	2.94	2014	7.27	2018	0.98	2014	0.2	2014	0.005638549	2010	0.581660816	2014	0.330300249	2010	0.004748252	2010	NA	NA	0	0	0.011090981	0.009823298	0	4.40470609561e-05	0.000231039	4.216889e-10	0.006447642	0.006172165	0.000801318	0.000354801	0.000588311	1.4670593379e-05	0.024145547	0.178350665	5.7451769976e-06	0.000245194	9.34224056e-08
ZAF	South Africa	Sub-Saharan Africa	Upper middle income	6766.481	59893885	31.665	34.5	8.09	2021	10.38	2020	0.6	2022	0.23	2022	10.56702199	2022	0.195011561	2022	0.002170505	2022	0.241426984	2022	0.001502658	2022	0	0	0.029515393	0.066263196	0	1.04347581524e-05	0.000112171	7.4580671e-09	3.0928605268e-06	0.018099452	0.001142217	0.164658708	0.000600116	0	0.000155303	0.454968112	1.1332227759e-06	0.000220725	7.42893729e-08
ZMB	Zambia	Sub-Saharan Africa	Lower middle income	1456.902	20017675	54.239	55.6	2.62	2022	21.47	2022	0.32	2022	0.13	2022	1.209431165	2022	0.231295593	2022	0.193828704	2022	0.134381241	2022	NA	NA	0	0	0.042356155	0.101066701	3.917296864e-07	0.000149119	0.000287809	1.051583955e-07	2.9121143829e-06	0.015989789	0.002109963	0.07167198	0.00058342	2.57678810667e-05	0.114451754	0.1882929	6.5775228108e-06	0.000266033	8.14290993e-08
ZWE	Zimbabwe	Sub-Saharan Africa	Lower middle income	1676.821	16320537	67.605	47.7	1.66	2022	21.43	2022	1.17	2022	1.66	2022	12.0841612	2022	0.422780206	2022	0.463832777	2022	0.245089975	2022	0.744460798	2018	0	0	0.045869572	0.033437533	0	1.14943925757e-05	6.88501533383e-05	3.96781933e-08	0	0.013071928	0.002183451	0.086586056	0.000603333	4.230794009e-06	0.012216338	0.118921432	1.0100715392e-06	0.0003955	1.09535499e-07